,epochs,nModels,seed,train,valid,valid_avg
0,22,1,3819,0.33175315431745944,0.4739360994168204,0.4739361070853123
1,24,1,3819,0.3285945296074947,0.4764719728588835,0.4764719799982648
2,26,1,3819,0.32022097982397346,0.4717748852657054,0.4717748928934445
3,28,1,3819,0.3174147892915144,0.4758618571032506,0.4758618639498355
4,30,1,3819,0.3104859269843924,0.4723976137977301,0.4723976196238908
5,32,1,3819,0.3060404323409042,0.4720516723532793,0.4720516796468732
6,34,1,3819,0.3015750056142518,0.474235012549757,0.4742350194152412
7,36,1,3819,0.2965376614693145,0.4730996450193044,0.4730996525535499
8,38,1,3819,0.2929756480367418,0.4740650424007283,0.4740650500502022
9,40,1,3819,0.2885703696208316,0.4752867915230323,0.4752867991080737
10,42,1,3819,0.2841488573078997,0.4766776586967164,0.4766776671190686
11,44,1,3819,0.2798202767461132,0.4729933812210016,0.4729933884578394
12,46,1,3819,0.2763229012304773,0.4741107509211753,0.4741107580525759
13,48,1,3819,0.2722885989975632,0.4779677551876959,0.4779677623494646
14,50,1,3819,0.26664086703108325,0.4746588097169038,0.4746588169720605
15,52,1,3819,0.2659673928162115,0.4767475846633856,0.4767475919073729
16,54,1,3819,0.2599884943592813,0.4743086926422069,0.4743086992626249
17,56,1,3819,0.2549741020387055,0.4756289222145039,0.4756289290701863
18,58,1,3819,0.2528453772816629,0.4772275362732608,0.4772275441223178
19,60,1,3819,0.2485258854859861,0.4790336246665201,0.4790336321777149
20,62,1,3819,0.2458144081196265,0.4786517196003911,0.4786517272556883
21,64,1,3819,0.2427267903385183,0.4779184562305922,0.4779184640599496
22,66,1,3819,0.2390135989719169,0.4795112530122138,0.4795112608634566
23,68,1,3819,0.2388447191791689,0.482660592471337,0.482660599339681
24,70,1,3819,0.2322029568062185,0.4821958146287341,0.4821958233078072
25,72,1,3819,0.2292431664870491,0.4817015435541571,0.4817015510526261
26,74,1,3819,0.22530853066926526,0.4842005657451495,0.4842005718462321
27,76,1,3819,0.22145355495023514,0.4809618522516956,0.480961859004419
28,78,1,3819,0.22101268962035825,0.4846023179360212,0.484602325111325
29,80,1,3819,0.21632569435622792,0.4848131070416453,0.4848131144479062
30,82,1,3819,0.2150517704952938,0.4866906177424504,0.4866906246133581
31,84,1,3819,0.21061157126414745,0.4838727546211967,0.483872761696101
32,86,1,3819,0.20843710847778898,0.4880287519888064,0.4880287597360992
33,88,1,3819,0.2039084449877526,0.4878417548678973,0.4878417622379698
34,90,1,3819,0.2026494866061172,0.4902532805356644,0.4902532874531699
35,92,1,3819,0.19857669724854785,0.4891748241111412,0.4891748303556699
36,94,1,3819,0.19571457815161586,0.4894848963377707,0.4894849038465357
37,96,1,3819,0.19157592924742456,0.4922978247897598,0.4922978304503088
38,98,1,3819,0.1908085076844893,0.4943946436260359,0.4943946497861505
39,100,1,3819,0.18726676491101435,0.4974685307097102,0.4974685373655127
40,102,1,3819,0.186606133554838,0.4973425756609426,0.4973425826476554
41,104,1,3819,0.18163019483476955,0.4936557894391854,0.4936557967117881
42,106,1,3819,0.18071220645943203,0.4991786968362894,0.4991787040094992
43,108,1,3819,0.17878203486573446,0.5006017665876771,0.5006017732261
44,110,1,3819,0.17499824688502674,0.498240379230631,0.4982403855265844
45,112,1,3819,0.17235126498365008,0.5065716545653975,0.5065716616686976
46,114,1,3819,0.16977151941054622,0.5008428003715291,0.5008428076252572
47,116,1,3819,0.16832846886559907,0.5050319976668358,0.5050320054960206
48,118,1,3819,0.16485371754896935,0.5042974484122542,0.5042974546369358
49,120,1,3819,0.1657051585946634,0.5048008525735578,0.5048008595689472
50,122,1,3819,0.16576280720246228,0.5094796355524054,0.5094796425787551
51,124,1,3819,0.15920676462211392,0.5026529626050711,0.5026529693294053
52,126,1,3819,0.15903412300240535,0.5060842054049752,0.506084212850384
53,128,1,3819,0.15744731958002808,0.5085331803090587,0.5085331864948339
54,130,1,3819,0.1524214826358244,0.5133521273125595,0.513352133497883
55,132,1,3819,0.1499557323401956,0.5135651016399293,0.5135651085131151
56,134,1,3819,0.14993008512164488,0.5100608250861769,0.5100608316110482
57,136,1,3819,0.14877808494317188,0.5100972818691657,0.5100972883826508
58,138,1,3819,0.14803412089220438,0.513744541272427,0.5137445474052328
59,140,1,3819,0.1416352223732658,0.5201468842637481,0.5201468908891692
60,22,2,3820,0.3211206434839287,0.4691463513091336,0.4547282027082255
61,24,2,3820,0.3118207670844602,0.4652472426807766,0.453311969958459
62,26,2,3820,0.3090541056832773,0.4670457362170071,0.4518610306817873
63,28,2,3820,0.3045750033933514,0.4662554546777586,0.4525788894193804
64,30,2,3820,0.2983680293888976,0.4672897108493624,0.4514208117344466
65,32,2,3820,0.29132862876546484,0.4652365944940712,0.44988845251534654
66,34,2,3820,0.2856534802317177,0.4672479822782037,0.4509542137499773
67,36,2,3820,0.2840527479417017,0.4693414966004234,0.4510201077981573
68,38,2,3820,0.2789441588701582,0.467439109454539,0.4500343383120937
69,40,2,3820,0.2755764939353001,0.4700546196509898,0.4519398430634806
70,42,2,3820,0.26967781226913073,0.46955021955419896,0.4517225953473407
71,44,2,3820,0.2675760681654097,0.469165161942033,0.4499290700193937
72,46,2,3820,0.2589398477199539,0.4667950001531022,0.4484153894225424
73,48,2,3820,0.2573679619426787,0.4677251210572208,0.44965636442144136
74,50,2,3820,0.25190186704408474,0.4697782595749849,0.4487000337822443
75,52,2,3820,0.2476580500165829,0.4704089118650793,0.449997347052748
76,54,2,3820,0.2464481353560225,0.4716369907618467,0.4498426653261454
77,56,2,3820,0.2413892821063332,0.4763458458888975,0.4517151295705548
78,58,2,3820,0.23599670127435665,0.4714810096164642,0.4495464475232692
79,60,2,3820,0.233641485046083,0.4731028732642651,0.4502559168261223
80,62,2,3820,0.2297272706272296,0.4736862598079677,0.4495288471016354
81,64,2,3820,0.2290309096164673,0.4771687175096533,0.4497880537776842
82,66,2,3820,0.2236159522228276,0.4732327151047462,0.4506148388201041
83,68,2,3820,0.21860857973261047,0.4770631808373344,0.4521241564209738
84,70,2,3820,0.21417267342193816,0.4731912027850549,0.4501412394495424
85,72,2,3820,0.21178328606132898,0.476543313300785,0.4508052092273528
86,74,2,3820,0.2065307489720174,0.4799579005685631,0.4527412998469477
87,76,2,3820,0.20408096526221492,0.4765283764657078,0.44913110052359945
88,78,2,3820,0.2020176930366779,0.4770890976372322,0.4504310460582766
89,80,2,3820,0.19836026627391004,0.4816440758614526,0.4522547892159101
90,82,2,3820,0.19632608268843027,0.4791783501384849,0.45174047038378
91,84,2,3820,0.19059060886452744,0.4818304455439806,0.4504421997557892
92,86,2,3820,0.1930417482664965,0.4828571151045642,0.4525024110047695
93,88,2,3820,0.18530367618716145,0.4833119143682987,0.4501701580386751
94,90,2,3820,0.18079077528644927,0.4874602872712388,0.4556154446153173
95,92,2,3820,0.1814127628376229,0.4868614954152486,0.4538716925379924
96,94,2,3820,0.17733404192898947,0.4877123134608429,0.4533741012397966
97,96,2,3820,0.1766200242986287,0.4917545365125411,0.4565740961536445
98,98,2,3820,0.17328252800177193,0.4907967049934941,0.4570471566344217
99,100,2,3820,0.17106036542860212,0.49043625966100995,0.4565562871409622
100,102,2,3820,0.1715062654734438,0.4964856759791815,0.4590262965350308
101,104,2,3820,0.1699801245949059,0.496034404884234,0.4578583300912063
102,106,2,3820,0.1678427970805244,0.4984193227755785,0.4606949405810756
103,108,2,3820,0.15809355863963453,0.4909094036625669,0.4569732253595993
104,110,2,3820,0.15854824827914252,0.4962555830835549,0.4587135883466533
105,112,2,3820,0.15307433592597716,0.4911501370747514,0.4593178084632618
106,114,2,3820,0.15327884213828116,0.4965730122901499,0.4592667821351625
107,116,2,3820,0.15278695381919633,0.5009732719801888,0.4623130420161372
108,118,2,3820,0.14698758509051135,0.4933067313315273,0.4582353141701808
109,120,2,3820,0.1451981971367646,0.4920732349872799,0.4572695746405063
110,122,2,3820,0.1476606324907332,0.5062643611713923,0.4662534057482953
111,124,2,3820,0.14440873749667493,0.5017654394820934,0.4609131728878398
112,126,2,3820,0.1446213100497442,0.4999917196235813,0.4616134081859778
113,128,2,3820,0.13910714832676827,0.4988729098037286,0.4630479694024567
114,130,2,3820,0.13919464631166964,0.5096128052220299,0.4679331939722013
115,132,2,3820,0.1378781056403787,0.5101287058787394,0.4682763441811762
116,134,2,3820,0.13384057035991878,0.5134680703944714,0.4680688394447104
117,136,2,3820,0.13543499073207513,0.5073385240050663,0.4665061836645462
118,138,2,3820,0.13146024642455892,0.5154444695337178,0.4701640149805654
119,140,2,3820,0.12853158561070205,0.5069687159263093,0.4682480817793391
120,22,3,3821,0.3262063833467096,0.4696464797204586,0.4478816470270485
121,24,3,3821,0.3193908246947242,0.4677100510345353,0.4457480656087412
122,26,3,3821,0.31335907643837946,0.4684821472231343,0.4451894027804437
123,28,3,3821,0.3089144596854922,0.4678077828778672,0.4452201210166786
124,30,3,3821,0.3050527088244016,0.4685981552547328,0.4442766845535801
125,32,3,3821,0.29959983460448786,0.4715761212234818,0.4432694261324361
126,34,3,3821,0.2939279349581329,0.4689650086093606,0.4431262186102928
127,36,3,3821,0.2892052454632084,0.4697939743881293,0.4432751382411386
128,38,3,3821,0.2833480736098255,0.4661823278102418,0.4414254220596304
129,40,3,3821,0.2811988907071261,0.4698010534700041,0.4434758234139756
130,42,3,3821,0.27650742773369685,0.470471913422868,0.44318645434608006
131,44,3,3821,0.2715024375752373,0.4681321804044967,0.4412327584798544
132,46,3,3821,0.26525992787566177,0.4697462601771814,0.4404941345336151
133,48,3,3821,0.2652580891618443,0.4705441173636801,0.4411080876686843
134,50,3,3821,0.26020250348718155,0.4704950921435829,0.4397080221054739
135,52,3,3821,0.2564285497734693,0.4704349144252125,0.4404659788896215
136,54,3,3821,0.2539520939112898,0.4725522310254748,0.4407277104829033
137,56,3,3821,0.25162908509007303,0.474416672382479,0.4423324120233312
138,58,3,3821,0.246757459743834,0.472016226075653,0.4394237943113467
139,60,3,3821,0.24294257873669836,0.4723063581008147,0.4400093541766247
140,62,3,3821,0.2396676349257152,0.4748195247479474,0.4401143436689819
141,64,3,3821,0.23399814621541945,0.4731589503053724,0.43919811407610426
142,66,3,3821,0.2324331108023965,0.4751434502585106,0.4403339398634845
143,68,3,3821,0.22888113703680504,0.4736381394044217,0.4405495782599251
144,70,3,3821,0.2263308910945169,0.4768749540858657,0.4400619929146584
145,72,3,3821,0.22381638046300775,0.4783930034432781,0.4404332364908887
146,74,3,3821,0.22085368010044906,0.478119029459729,0.4407464413284247
147,76,3,3821,0.2174623401457645,0.4800441302657374,0.4382084654123032
148,78,3,3821,0.21240551841789612,0.4780398487018852,0.4382706950255308
149,80,3,3821,0.2101525485233215,0.4796126020929983,0.43870992497956585
150,82,3,3821,0.20757272134615226,0.4797809089395516,0.4390993617578432
151,84,3,3821,0.2027527728220192,0.4817702656804098,0.4387949334148008
152,86,3,3821,0.20113220890762065,0.4845873869725978,0.4407810737030113
153,88,3,3821,0.19908825651513212,0.4832573473457827,0.4381568058655175
154,90,3,3821,0.1953359132934133,0.4816330132049041,0.4397128942095357
155,92,3,3821,0.1933988608408591,0.4888211436888784,0.4415726572312427
156,94,3,3821,0.19153750567098848,0.4905715102116163,0.44136855351175946
157,96,3,3821,0.1899387444836832,0.4898341589986285,0.44294698471514177
158,98,3,3821,0.18582517026416198,0.4896306773517319,0.4428057065309262
159,100,3,3821,0.18280804947197613,0.4877078629030542,0.4423127381428285
160,102,3,3821,0.18149341560241986,0.4906769185825446,0.4447974947794969
161,104,3,3821,0.17770821607786352,0.49202390487884,0.4442334144055723
162,106,3,3821,0.17655744898770742,0.4950093836324802,0.4456013189937968
163,108,3,3821,0.1743248257989001,0.493792458082623,0.4437117963496289
164,110,3,3821,0.1701786371694037,0.4972935609748445,0.4442809797625338
165,112,3,3821,0.16687935631281306,0.4929079886355093,0.4433764691687411
166,114,3,3821,0.16619013421097012,0.4945675699092811,0.4435675341188411
167,116,3,3821,0.16526325573285233,0.5001588103397655,0.4474070936404294
168,118,3,3821,0.16209425921655446,0.4987451056438414,0.4433382865843013
169,120,3,3821,0.1590143346710989,0.4966424404566716,0.4425630326418109
170,122,3,3821,0.1579408818462674,0.5012626199803384,0.4489036104118401
171,124,3,3821,0.15477275446592315,0.4966670029644172,0.4436486957827405
172,126,3,3821,0.15364811564412625,0.4966706085059559,0.4439407800788247
173,128,3,3821,0.15094606687157625,0.4985311957439217,0.4458762167207877
174,130,3,3821,0.14923893107919195,0.5005652334734696,0.4469715516383057
175,132,3,3821,0.14620874334412798,0.5020558784827456,0.4489751667651989
176,134,3,3821,0.14528145634567696,0.5057672044667589,0.44951686309473
177,136,3,3821,0.14271071671950947,0.5037743425234265,0.4479213743657594
178,138,3,3821,0.14477257287351794,0.5099708648232109,0.4516447210206739
179,140,3,3821,0.13742775130928706,0.5045517848070752,0.4483735023936027
180,22,4,3822,0.31931034722765383,0.4685138042267987,0.4440363373248838
181,24,4,3822,0.3137443286378289,0.4676679256165753,0.4420617815726416
182,26,4,3822,0.3074366415990559,0.4675957924710319,0.4412182968434608
183,28,4,3822,0.30203370342348945,0.4677574758366694,0.440893911497762
184,30,4,3822,0.29663374119500563,0.4661787658970002,0.4395440776610967
185,32,4,3822,0.2913319742216348,0.4672466545186733,0.43889795556081707
186,34,4,3822,0.2872493601492647,0.4677839150169538,0.4387293040222272
187,36,4,3822,0.2818497879413239,0.4665258751133056,0.4381955102179478
188,38,4,3822,0.2786810492590613,0.4714595036979659,0.437245986786014
189,40,4,3822,0.27351682090052803,0.4698062777425342,0.43828274186749305
190,42,4,3822,0.2683422313824186,0.467437574355129,0.4371419314244129
191,44,4,3822,0.26630692238911874,0.4713491099684817,0.43651168652397737
192,46,4,3822,0.2624870628741669,0.4700642474384342,0.43521087794345903
193,48,4,3822,0.25815412493382983,0.4693333443415265,0.43551154201814063
194,50,4,3822,0.2514070021497475,0.4688920259997831,0.4343149281816972
195,52,4,3822,0.2483402702945677,0.4725332079529995,0.43530997740831295
196,54,4,3822,0.2463283151245633,0.4734549691143458,0.43503626680185503
197,56,4,3822,0.2412545082361119,0.4749098287603016,0.4365417560309203
198,58,4,3822,0.23836415534673516,0.4766308698707253,0.4346474918284655
199,60,4,3822,0.23609661075337526,0.4747494199075802,0.4339767751096552
200,62,4,3822,0.2311910309806923,0.4760367119899277,0.4343223930967283
201,64,4,3822,0.22689290405778226,0.4771940040382191,0.4335955142322688
202,66,4,3822,0.22523867665810404,0.4787433240689091,0.43471314105097975
203,68,4,3822,0.2220430512652572,0.4805176238999323,0.4349421499391279
204,70,4,3822,0.21597084268400427,0.478468643229588,0.4338653853462504
205,72,4,3822,0.21339033536851248,0.4753571835217247,0.4335883489863892
206,74,4,3822,0.21187174605947895,0.4801680531787401,0.43419451877346377
207,76,4,3822,0.2081875633489698,0.4794179782002079,0.43214589615241145
208,78,4,3822,0.2055473144774064,0.4858604789944767,0.4326347210838899
209,80,4,3822,0.20031707891010253,0.478883637503656,0.4322945770444641
210,82,4,3822,0.1993115391032909,0.4856547855787439,0.4333317464285315
211,84,4,3822,0.19832511831689814,0.4869635389284445,0.4331841716387499
212,86,4,3822,0.19252030299122502,0.4829746495312549,0.43365698142318254
213,88,4,3822,0.1907984773058989,0.4861525604597443,0.43161863718284005
214,90,4,3822,0.1875743944390763,0.486948896256971,0.43300147604838185
215,92,4,3822,0.18573690968001969,0.4862776172820911,0.4340363822361963
216,94,4,3822,0.1820736565483492,0.4899576952363248,0.4337182867026051
217,96,4,3822,0.17845595321404134,0.4896341715205654,0.43548451126122895
218,98,4,3822,0.17616549738495882,0.4915549046377982,0.4353284127289027
219,100,4,3822,0.17380153680310778,0.4917052472060498,0.4345471632916929
220,102,4,3822,0.17379726891256855,0.49156733217095294,0.436282358469866
221,104,4,3822,0.17128461625228153,0.4995404773728376,0.4360511628525713
222,106,4,3822,0.16762797821002332,0.4902583093430474,0.4355117549745636
223,108,4,3822,0.16304731819285564,0.492315043082846,0.4350687634378888
224,110,4,3822,0.16354473672710412,0.4982926886428031,0.4359147946957237
225,112,4,3822,0.16259885674239918,0.5005455817793345,0.4362918894015799
226,114,4,3822,0.15715568652622752,0.5023667325597942,0.4363061172238864
227,116,4,3822,0.1546627085754771,0.5034514917527487,0.4388958595114378
228,118,4,3822,0.15460057776085026,0.5006619960612163,0.4361272212343974
229,120,4,3822,0.15282157242977412,0.5047317574946271,0.4353499070964965
230,122,4,3822,0.1505717041532494,0.5044928377574985,0.43979405422227
231,124,4,3822,0.1478845163403553,0.5052807304673349,0.43588551245563617
232,126,4,3822,0.14462192839539334,0.5096465286175924,0.436420900200496
233,128,4,3822,0.1441696696318883,0.5050650248467693,0.4372002940728077
234,130,4,3822,0.13913286933567007,0.5056922437907435,0.4378717503316994
235,132,4,3822,0.1411734358109937,0.5119567474987718,0.4407835284945959
236,134,4,3822,0.13897865296038567,0.5111777628784171,0.4400420248368291
237,136,4,3822,0.13569526045619293,0.5062700899366108,0.4388044774255626
238,138,4,3822,0.1360751601033912,0.5065489459835354,0.4413997540698014
239,140,4,3822,0.131062740218353,0.5115227441763611,0.43976022476356413
240,22,5,3823,0.31504602101060875,0.4686337226383476,0.4424013643226463
241,24,5,3823,0.3074224013245077,0.4666768936320894,0.4401199014689427
242,26,5,3823,0.3034463814519757,0.4673695198091224,0.4396069442726525
243,28,5,3823,0.3001754639973452,0.4710660115243772,0.4395281889869221
244,30,5,3823,0.2936666966406498,0.4695252010820261,0.43796433403101703
245,32,5,3823,0.28837719724763816,0.4699204502761488,0.43744879339020176
246,34,5,3823,0.2847444317100228,0.4711381368660381,0.4372134058341669
247,36,5,3823,0.2771174103194464,0.4711446458604607,0.4365545142232229
248,38,5,3823,0.2742340325629322,0.4706440441746363,0.43540037038966906
249,40,5,3823,0.271348590866957,0.4750095315226901,0.4366597874990104
250,42,5,3823,0.26445542662121696,0.47016234054567096,0.4352097570772492
251,44,5,3823,0.259049227948611,0.4701211334518462,0.4345462221308045
252,46,5,3823,0.2572947023253556,0.4753994747707837,0.43365439583673904
253,48,5,3823,0.2515895920169053,0.4769167073179863,0.4337580625930094
254,50,5,3823,0.2465637760253752,0.4728800812991325,0.4323969578362668
255,52,5,3823,0.2445310578487433,0.4755649607667918,0.4334635976738101
256,54,5,3823,0.24132747890764045,0.4755625150041093,0.43293995733681817
257,56,5,3823,0.23641973081017284,0.4756646373679994,0.4341757810134107
258,58,5,3823,0.2355272292880431,0.4834838892046001,0.43316804513941104
259,60,5,3823,0.231290176108216,0.481629368465098,0.4321382124371816
260,62,5,3823,0.2247737814824784,0.481410587099251,0.4321862773099369
261,64,5,3823,0.22485222521210566,0.4854728626484476,0.4321212716471109
262,66,5,3823,0.22054094649119585,0.4847011119980024,0.4328665681639425
263,68,5,3823,0.2169861265956234,0.4857871244505293,0.43302015906508107
264,70,5,3823,0.21398918366141434,0.4855578490118533,0.4324699715529851
265,72,5,3823,0.20741672530210348,0.4844618157367272,0.4319035228043005
266,74,5,3823,0.20753260840936408,0.4890457410564394,0.43250794882101257
267,76,5,3823,0.20157816137864548,0.4842450904243031,0.4301524242963298
268,78,5,3823,0.20075031496156465,0.4873950537693508,0.4308914831438064
269,80,5,3823,0.19665113620409946,0.4849590486820036,0.43031682949285605
270,82,5,3823,0.1953346322826797,0.4913055240934932,0.4318505941176556
271,84,5,3823,0.1909673279090832,0.4883049548787172,0.4311073116938832
272,86,5,3823,0.1908384280006276,0.4919978664827125,0.432099437903036
273,88,5,3823,0.18465145499762656,0.491145734339869,0.4298152781380005
274,90,5,3823,0.1804692219776366,0.4893942888215466,0.4305895750664988
275,92,5,3823,0.18199923555431785,0.4920266954805739,0.4317182895248491
276,94,5,3823,0.1776612183916446,0.4953631186096445,0.4317702201392948
277,96,5,3823,0.1722400101861148,0.4924372984532741,0.43255623224974654
278,98,5,3823,0.17187264793102888,0.4951983259020555,0.4326744206217844
279,100,5,3823,0.16712308923997346,0.4967007887165104,0.4319624611840465
280,102,5,3823,0.16822278803242433,0.4988241079867359,0.43429830423260735
281,104,5,3823,0.16375669564199916,0.5016648284011004,0.4338854685566591
282,106,5,3823,0.15744354514898198,0.4934199486751226,0.431864493911755
283,108,5,3823,0.16061255058863558,0.5006514231131605,0.43295273410000223
284,110,5,3823,0.15688997421759607,0.499481961842339,0.43302632300814703
285,112,5,3823,0.1570545070386054,0.5057590721144789,0.4342504082861411
286,114,5,3823,0.15215365852575133,0.5044060440268242,0.4339112907312896
287,116,5,3823,0.14942031599724684,0.5038779731173868,0.4355120123277789
288,118,5,3823,0.14709653816273052,0.5029867212474254,0.4334057775217439
289,120,5,3823,0.14522123939346052,0.5050320085552938,0.4322030935893419
290,122,5,3823,0.14510094100540827,0.5104926410383936,0.4367846658212435
291,124,5,3823,0.14106950518933287,0.5044715214801345,0.4331488746066385
292,126,5,3823,0.14064538582478506,0.5061723269777065,0.4334997873908445
293,128,5,3823,0.14131854328194982,0.5123955154331153,0.43476499897392346
294,130,5,3823,0.13717904026385666,0.5076600242076728,0.4347812703403253
295,132,5,3823,0.13174622686352222,0.5043309254634197,0.43628050939114493
296,134,5,3823,0.13393520739734033,0.5114264380027552,0.4367190456971933
297,136,5,3823,0.13123308023031408,0.5121229946577917,0.4354835750212053
298,138,5,3823,0.1276117690621542,0.5114557378149212,0.4371109069093467
299,140,5,3823,0.13106623826514122,0.5196247339077827,0.4372704303898151
300,22,6,3824,0.3297653835171176,0.4713911088049973,0.4411409034361285
301,24,6,3824,0.3222976704121097,0.4701929271177087,0.4392921476057687
302,26,6,3824,0.3171926815195766,0.4686668824546419,0.4382136670528374
303,28,6,3824,0.3140546837844547,0.4692378302892746,0.4380314066044129
304,30,6,3824,0.3096281152468036,0.4696627651671053,0.4368048273372249
305,32,6,3824,0.3041146783335365,0.4718338290618268,0.4363483959615413
306,34,6,3824,0.29944043546596644,0.4702374885188013,0.4358604877732462
307,36,6,3824,0.2948401131352907,0.4682841968264312,0.4349444001536962
308,38,6,3824,0.29088053065114144,0.4710778869761998,0.4343916492702973
309,40,6,3824,0.2850988413157511,0.4703523573731559,0.4346187144569965
310,42,6,3824,0.28162835574127826,0.4707431054595901,0.4335404827729576
311,44,6,3824,0.2765277953508858,0.4683711244099659,0.4324193210079974
312,46,6,3824,0.27357298627812193,0.4711885170878266,0.4320766962770908
313,48,6,3824,0.2675687571614821,0.470156877725885,0.43175828856496107
314,50,6,3824,0.2677094108799296,0.4743466402861646,0.4314720078809654
315,52,6,3824,0.26187179390614523,0.4718907051520206,0.4317848178354029
316,54,6,3824,0.2586979840835275,0.4714801969200548,0.4311681350783526
317,56,6,3824,0.2530424263543161,0.4731507887468986,0.4324158459324778
318,58,6,3824,0.25075059587923376,0.4741368110107945,0.4310692193905431
319,60,6,3824,0.24902129586679736,0.4739351942033915,0.43048535993572207
320,62,6,3824,0.2450609662974452,0.4750859393348758,0.4301988217890079
321,64,6,3824,0.24026623958886426,0.473773259887942,0.42987358604712617
322,66,6,3824,0.2364770675887872,0.4751755070477365,0.4301910730357338
323,68,6,3824,0.2350732720331618,0.4773155162135151,0.4306842254185384
324,70,6,3824,0.23073647348915874,0.478990003120329,0.4304676161284233
325,72,6,3824,0.2283740808796024,0.477496373253691,0.4297188311787972
326,74,6,3824,0.22550281531104502,0.4817496362114614,0.4304753014792889
327,76,6,3824,0.2212715297131037,0.47901571285739397,0.4277651773054572
328,78,6,3824,0.22003172650304467,0.4765695373835737,0.42837952705460014
329,80,6,3824,0.21766427615461825,0.4808373945328632,0.42835095127875533
330,82,6,3824,0.21437554844588344,0.4790774494825646,0.4288381185137517
331,84,6,3824,0.20909242789094606,0.4814542233998931,0.4284001067487053
332,86,6,3824,0.20874791396786851,0.4828321009277587,0.4298893210558624
333,88,6,3824,0.2041639945051823,0.4846990691269679,0.42735113874144187
334,90,6,3824,0.20030981856252394,0.4858403235047051,0.42857575559422334
335,92,6,3824,0.19741791663398872,0.4844945699243587,0.4288546053089389
336,94,6,3824,0.19776244087331166,0.4854537451570506,0.4291443807302917
337,96,6,3824,0.19602240748651856,0.4934169950184002,0.4307338358604725
338,98,6,3824,0.18966616643762987,0.487709568236121,0.4301982084611903
339,100,6,3824,0.1887830145834058,0.490269786891895,0.4295997935243018
340,102,6,3824,0.1860271699035803,0.4880423121159583,0.4313867806741728
341,104,6,3824,0.1840609960432223,0.4919876848895,0.4312581640780624
342,106,6,3824,0.1855976634246894,0.4981980022448269,0.4300033444042492
343,108,6,3824,0.17915213525451698,0.4923025711256507,0.4307733472516339
344,110,6,3824,0.17797404506170889,0.4927838614555536,0.4300836044445941
345,112,6,3824,0.17528051842421266,0.4995623636197967,0.4315904254460197
346,114,6,3824,0.17361713506071993,0.5014112519776568,0.4316161266535698
347,116,6,3824,0.16894868784871778,0.4953244098562368,0.4320535622661405
348,118,6,3824,0.16848264878003186,0.5006454282491662,0.4309980523902549
349,120,6,3824,0.16754284142900422,0.5026692123072227,0.4304659610752646
350,122,6,3824,0.1631058142935196,0.4991353217164293,0.43304984613325226
351,124,6,3824,0.161798737761266,0.5039916308563752,0.4308952868421076
352,126,6,3824,0.16216077559010653,0.5071913945767192,0.4313451439647668
353,128,6,3824,0.15539736135323626,0.5098694942727292,0.4322440326260553
354,130,6,3824,0.15500140844214785,0.5038815062503792,0.4316894909024341
355,132,6,3824,0.15437721853682349,0.5112836522054794,0.4331772670861113
356,134,6,3824,0.15044873410281748,0.5075009219274548,0.4335592064788007
357,136,6,3824,0.1483935474521954,0.5076493075170095,0.4326668087644794
358,138,6,3824,0.14782997772909925,0.5107772921603111,0.434285744502948
359,140,6,3824,0.14427468536347732,0.5101904195004542,0.4338709631306355
360,22,7,3825,0.32288234385648323,0.468591212008724,0.4405758886025032
361,24,7,3825,0.31845596128889514,0.4691483173864749,0.4387856902265523
362,26,7,3825,0.3127305160661009,0.4680656435169177,0.4376786596100994
363,28,7,3825,0.3058761765648225,0.46765605615540295,0.4372763329480518
364,30,7,3825,0.3023410278849628,0.4699612959690612,0.4361728299936726
365,32,7,3825,0.2955946927276973,0.4680729080868662,0.4354326484864191
366,34,7,3825,0.2912902102816349,0.4685040086106218,0.4348905440625966
367,36,7,3825,0.2870347362934399,0.4676219161808934,0.4340503734781341
368,38,7,3825,0.2810723152255111,0.4686535238929029,0.4334181626677042
369,40,7,3825,0.27651041030824525,0.4674465054640314,0.43345820365660215
370,42,7,3825,0.2749678469821946,0.4692046142636949,0.4326185938964658
371,44,7,3825,0.2700481669613912,0.4698779614346338,0.431619805007981
372,46,7,3825,0.2646546598294665,0.4690761640353933,0.4311159498259956
373,48,7,3825,0.2633119416805271,0.4696871972624634,0.4309288265974989
374,50,7,3825,0.2578811740256865,0.4712493778806947,0.4305548238501767
375,52,7,3825,0.2523948409878492,0.4709326868592854,0.4305079229245265
376,54,7,3825,0.2480409152009909,0.4719287409835306,0.4300598947035232
377,56,7,3825,0.24548173929824804,0.4726400902502711,0.4309722013535483
378,58,7,3825,0.2435745721036834,0.4761013203759008,0.4302601958081533
379,60,7,3825,0.2387765016552277,0.4753731112559472,0.4294288727355216
380,62,7,3825,0.2336309702735776,0.4722789906845044,0.42898184410047147
381,64,7,3825,0.22768622333701966,0.4738890514017247,0.4284982287334687
382,66,7,3825,0.22687038288351175,0.4735614476374721,0.4290130152967128
383,68,7,3825,0.224286795101608,0.4748749644384979,0.4293096680884223
384,70,7,3825,0.22030495724608892,0.4760731805917825,0.428954718224706
385,72,7,3825,0.2163485261124457,0.4760957662337902,0.4283363068645176
386,74,7,3825,0.2129973843569321,0.4781943903063105,0.42880365012941307
387,76,7,3825,0.210386904312714,0.4793174788343648,0.42672776111723454
388,78,7,3825,0.20748259189034332,0.4798237180489659,0.4274169212110059
389,80,7,3825,0.2057310629859411,0.4826738803863719,0.4274753114908304
390,82,7,3825,0.20270477890820085,0.4812218718824749,0.4274574547748641
391,84,7,3825,0.1993468004648181,0.4819670812884737,0.4268772211409457
392,86,7,3825,0.1958988642065977,0.4817683070984918,0.4278482532217856
393,88,7,3825,0.1946358110690522,0.4846396613333685,0.4263238417327821
394,90,7,3825,0.1927167666090188,0.4842677589809044,0.4271407417058185
395,92,7,3825,0.18955640026028986,0.4863162826294896,0.42718935548332093
396,94,7,3825,0.1848852230626188,0.4796373627058135,0.4264499801321429
397,96,7,3825,0.18410415927321155,0.4862551912399949,0.4287805816490411
398,98,7,3825,0.1809536555678946,0.485678317798668,0.4283095084795233
399,100,7,3825,0.17769531795131902,0.4861650201354351,0.4274544904690055
400,102,7,3825,0.17520483741157614,0.48931144018131,0.42891177881511056
401,104,7,3825,0.17302477082964954,0.4914301868954484,0.4292310576383975
402,106,7,3825,0.16898542630134614,0.4934076476263343,0.428264481478844
403,108,7,3825,0.17008265362999492,0.4966605754985206,0.4290828681352621
404,110,7,3825,0.1660234041191266,0.4922616132358551,0.4277497233382045
405,112,7,3825,0.16300015442138271,0.4935642882528774,0.42939380801357213
406,114,7,3825,0.16174446106326698,0.4991127275080573,0.4296178972077727
407,116,7,3825,0.15961674261073566,0.4956251580219293,0.4295919888010199
408,118,7,3825,0.1584489098062997,0.5031424577050385,0.4297135657023399
409,120,7,3825,0.1555170900462014,0.4982149075660547,0.4287013541272709
410,122,7,3825,0.1536278378963551,0.5055048037484209,0.43160381990186175
411,124,7,3825,0.1530402202494083,0.4987644995707205,0.4289563146981311
412,126,7,3825,0.15028608996189946,0.5035907034191361,0.4297137324711151
413,128,7,3825,0.14620366019909262,0.508394897532704,0.43058089843312347
414,130,7,3825,0.14510839986103444,0.5051715031417079,0.42993731784043104
415,132,7,3825,0.1429712847714333,0.5020713560429351,0.4307216182896754
416,134,7,3825,0.14108912757809644,0.5042583614374155,0.4308479268555951
417,136,7,3825,0.1393869845786256,0.5123964068920348,0.4311526240219259
418,138,7,3825,0.13735182549901653,0.5101462392212269,0.4321900009385558
419,140,7,3825,0.136102618363613,0.5134513576511911,0.43212527788187705
420,22,8,3826,0.3177122502041109,0.470233646802195,0.4400202931647084
421,24,8,3826,0.31299960682895506,0.4711108508873879,0.43826594759623255
422,26,8,3826,0.3062508609161756,0.4715797475420764,0.4373171405067073
423,28,8,3826,0.30348048040048065,0.4725972917925795,0.436951975128476
424,30,8,3826,0.29782554223856217,0.4730357098403077,0.43583571863246623
425,32,8,3826,0.29506827363493165,0.4737310687171083,0.4351818644773509
426,34,8,3826,0.2870388008814381,0.4717579854539676,0.43444399405397743
427,36,8,3826,0.2840340401188489,0.4735607720390271,0.4338865988986321
428,38,8,3826,0.2757796702574194,0.4699574984661948,0.4326923965488767
429,40,8,3826,0.27476048241591444,0.4753529024551668,0.433128230443034
430,42,8,3826,0.26930214262845603,0.4727363187445492,0.4322400852132805
431,44,8,3826,0.2646014504278861,0.4749626893631637,0.43136167447497786
432,46,8,3826,0.2612664456585133,0.4770678083602981,0.4309068026057591
433,48,8,3826,0.2565695274937083,0.4767534828532254,0.4304708632708077
434,50,8,3826,0.25302803495955023,0.4755414019354397,0.4300809906786102
435,52,8,3826,0.24611164279844325,0.4740442093337797,0.4297778735879276
436,54,8,3826,0.2475320428670475,0.4819573654345668,0.4299892600192301
437,56,8,3826,0.24270741261909945,0.4758124418182595,0.4301406283640741
438,58,8,3826,0.2401539646618716,0.4824782869543394,0.4298275042159727
439,60,8,3826,0.2350820679094561,0.4795195719863598,0.428904872050854
440,62,8,3826,0.2317634023252346,0.4796344202143406,0.4285685358198881
441,64,8,3826,0.2284659720236844,0.48211058728559003,0.4283127942591191
442,66,8,3826,0.2257387174361748,0.4851608231984909,0.4288524219574001
443,68,8,3826,0.2170066444351266,0.4772392952044488,0.4282718277597207
444,70,8,3826,0.2185880561315614,0.4832980059564708,0.4284912596531766
445,72,8,3826,0.21441724513798455,0.4838969659330332,0.42794879556196896
446,74,8,3826,0.21128605016068885,0.486524893006341,0.4282564646216616
447,76,8,3826,0.20726396949059356,0.4857300655702303,0.42635240534347857
448,78,8,3826,0.2044904037744897,0.4849994645367613,0.4271523400993386
449,80,8,3826,0.2023726865443526,0.4878807287072549,0.4271666183024891
450,82,8,3826,0.1980206909917457,0.488592289660771,0.4267539912902452
451,84,8,3826,0.19488704203017168,0.4879650674347553,0.4257575635307009
452,86,8,3826,0.19512276536790946,0.4870536482949028,0.42719116530415696
453,88,8,3826,0.18999840960948647,0.4900842374097336,0.4255696743828272
454,90,8,3826,0.18908153262964825,0.4932292577846389,0.4265943634970882
455,92,8,3826,0.18538739954382716,0.4951967403920113,0.4268602962257769
456,94,8,3826,0.18176936589241224,0.4941766245879057,0.4258524866447937
457,96,8,3826,0.1792528688973481,0.4937542469935584,0.42788180484388666
458,98,8,3826,0.17859691772991718,0.4995908130620828,0.42795816936209213
459,100,8,3826,0.17607299955060635,0.5045541734156457,0.4272559552259427
460,102,8,3826,0.17543648318559674,0.5060712974989092,0.4285952485721223
461,104,8,3826,0.16923692323110004,0.5004120014805152,0.4286652143257476
462,106,8,3826,0.17281408957897434,0.5061430448676904,0.42784732904535294
463,108,8,3826,0.16755803780082487,0.5044434123986025,0.42877727814863303
464,110,8,3826,0.16519028805619052,0.5030286784524969,0.4272426845813969
465,112,8,3826,0.16060111406450955,0.5027765722737245,0.4282978942751123
466,114,8,3826,0.1576573846531775,0.5054678064895056,0.42862513126858215
467,116,8,3826,0.15947229033013738,0.5110749154086899,0.4290142519399317
468,118,8,3826,0.15438936970309836,0.5072716583354849,0.4291092953334663
469,120,8,3826,0.1488858290778251,0.503001967988931,0.4276107346644089
470,122,8,3826,0.1499044309557041,0.5075159569785108,0.4303895571928621
471,124,8,3826,0.14706274257182594,0.5058336206695672,0.42786517791608425
472,126,8,3826,0.14557893878004238,0.5138166577990734,0.4291957042682437
473,128,8,3826,0.14417400763749225,0.5105508526212535,0.4295408983764573
474,130,8,3826,0.1444993060101439,0.5164584561218959,0.429203492520497
475,132,8,3826,0.14160539549611936,0.5174368626275446,0.4299080133572833
476,134,8,3826,0.13891424446815984,0.5151525800926471,0.4299329449298307
477,136,8,3826,0.13609237937889412,0.5142917776051913,0.43018609080643655
478,138,8,3826,0.13552962204209149,0.5134982438523119,0.43058010498546295
479,140,8,3826,0.1329667347357253,0.51913647525811,0.4310806513482789
480,22,9,3827,0.3162707110881409,0.4700851988259205,0.4398080998935325
481,24,9,3827,0.3103134696395537,0.4689921563490722,0.4380367249198133
482,26,9,3827,0.3051587496858375,0.4724648253228885,0.4372486776688624
483,28,9,3827,0.29976843072730275,0.4674921574709784,0.4366010507716628
484,30,9,3827,0.2951290913855951,0.4707052663823704,0.4357524952033373
485,32,9,3827,0.28985565373624755,0.4700778682555711,0.4349835263687025
486,34,9,3827,0.2848437409257828,0.4704132302861185,0.4341325046174458
487,36,9,3827,0.28383043423892385,0.4720634013704503,0.4336827084599635
488,38,9,3827,0.2738027815719853,0.4723599744022485,0.4322992826023085
489,40,9,3827,0.2709062283591302,0.4716780134074892,0.4328424247844432
490,42,9,3827,0.2661538628033767,0.4707840973058513,0.4319093229041829
491,44,9,3827,0.2632604106904336,0.4744818825646637,0.4312330976216457
492,46,9,3827,0.25753302359568986,0.4753959628306746,0.4308260518284551
493,48,9,3827,0.2555567381085336,0.475490131485701,0.4303104223967919
494,50,9,3827,0.2486351684813553,0.4755808648210912,0.4299160216767635
495,52,9,3827,0.2419708619033393,0.4734122441757,0.42943666099684624
496,54,9,3827,0.24248013625806075,0.4785498023927285,0.4297741196115899
497,56,9,3827,0.2405861575449625,0.4820542320985605,0.4300983495836577
498,58,9,3827,0.23349194198549994,0.4801119848338917,0.4295228294212823
499,60,9,3827,0.2305060290578797,0.4816434896258594,0.4286846904000353
500,62,9,3827,0.2278836425694733,0.4809180018630829,0.4283495664089038
501,64,9,3827,0.2253916766271865,0.4857730035695136,0.4282975841363004
502,66,9,3827,0.21762543378336574,0.4793104397517973,0.4281708420201208
503,68,9,3827,0.21678794041210306,0.4824463419266962,0.4278533234673133
504,70,9,3827,0.21772484701277686,0.4906611943949898,0.4284503814182761
505,72,9,3827,0.20875435274406767,0.4843711873371074,0.4273921040971464
506,74,9,3827,0.20927792005707,0.489027597490229,0.4280102671235492
507,76,9,3827,0.2032934396145621,0.4855554389854447,0.4258705253041463
508,78,9,3827,0.19978531639131936,0.4855368008714971,0.42651852066572055
509,80,9,3827,0.19832964130601186,0.4861204044461078,0.4266600058560028
510,82,9,3827,0.19498578747675088,0.4906907731126833,0.4265004095842649
511,84,9,3827,0.18979281014669613,0.4886248298553061,0.4252724081154789
512,86,9,3827,0.18902800159801314,0.4912493721649311,0.4267360638506914
513,88,9,3827,0.18886894398558973,0.4931993913305151,0.425338758793196
514,90,9,3827,0.1829458917318437,0.4909217683492685,0.42602536359361376
515,92,9,3827,0.17844847012320308,0.4925910910811516,0.4261046329377117
516,94,9,3827,0.17711224943744971,0.4941207687419595,0.4251445732948184
517,96,9,3827,0.17215892115098136,0.4907778167716884,0.4270399916648333
518,98,9,3827,0.17538468213203084,0.49793303328580796,0.4274764311067669
519,100,9,3827,0.17074258609739987,0.4982139954104314,0.4266147135225932
520,102,9,3827,0.16589807120153174,0.4955833426229619,0.4278023273327063
521,104,9,3827,0.16259000730511006,0.4975877746393009,0.42794064321214015
522,106,9,3827,0.16095032445189708,0.4999547338322834,0.42738281256976657
523,108,9,3827,0.1588207620737468,0.5013816878411544,0.4280749254371372
524,110,9,3827,0.15648839898605507,0.5034573650174403,0.4265787784831317
525,112,9,3827,0.15515639531784714,0.5064269161607364,0.4276870722492989
526,114,9,3827,0.15027394626524013,0.5030287368168594,0.4276685379529435
527,116,9,3827,0.14805601771843555,0.5064603642646213,0.42829619745749853
528,118,9,3827,0.1485023956449155,0.5065977241022843,0.4284239334702599
529,120,9,3827,0.14361553740978888,0.5104998660509337,0.4269505662033272
530,122,9,3827,0.14343306124379335,0.5126947828936028,0.4295785791387878
531,124,9,3827,0.1385399762896718,0.5111960408816696,0.4269900352179376
532,126,9,3827,0.14033613663436775,0.5198736968698521,0.4290270304500408
533,128,9,3827,0.1378823544830243,0.5121297430651047,0.4287597746330075
534,130,9,3827,0.13762252406668185,0.5139520095360929,0.4283731193700944
535,132,9,3827,0.13666090553810906,0.5188134365292753,0.4292929592560004
536,134,9,3827,0.13089702789555574,0.5151171539579009,0.4286144923076746
537,136,9,3827,0.13278428382212076,0.5180515510175593,0.4293247814689944
538,138,9,3827,0.12957269684428685,0.5189674694460016,0.4295182083403037
539,140,9,3827,0.12722178189426614,0.5191392415875958,0.4301533800578671
540,22,10,3828,0.32672199975450805,0.4748339557811538,0.4400467615380089
541,24,10,3828,0.32071130075459725,0.4757169877596887,0.43840473103447625
542,26,10,3828,0.3152042306435537,0.4750291024451752,0.4376003591321481
543,28,10,3828,0.3105652926718983,0.4748608658476112,0.4369196384708061
544,30,10,3828,0.30447714151710986,0.4765453473663857,0.4361043481573004
545,32,10,3828,0.2986764171795362,0.472652786737753,0.435140747698026
546,34,10,3828,0.2923563433223013,0.4712868010228855,0.4340848931626911
547,36,10,3828,0.2906828439085544,0.4760584590942809,0.4339647676143361
548,38,10,3828,0.2839006071366333,0.4761243919223697,0.4325988077534188
549,40,10,3828,0.2797012216791884,0.4756605948714286,0.4329950045215232
550,42,10,3828,0.2775775375825917,0.4769310123650014,0.43213564048864095
551,44,10,3828,0.2715201418741912,0.475420319819785,0.4312357087463519
552,46,10,3828,0.2686330208587056,0.4744362501792884,0.4307266824628994
553,48,10,3828,0.2639206400470845,0.4746913152138245,0.43028682809377616
554,50,10,3828,0.2609047088930449,0.4767836198029084,0.4299738438542704
555,52,10,3828,0.2569668806959723,0.4804182714203286,0.4298551279116874
556,54,10,3828,0.2510701726397868,0.4802347905759034,0.42998870375787535
557,56,10,3828,0.2470323827106413,0.48272824804238795,0.4302633937948634
558,58,10,3828,0.2461421646035923,0.4840756031621905,0.429825388120327
559,60,10,3828,0.23907638424926875,0.4810315256914746,0.4287341550437663
560,62,10,3828,0.2382270699043599,0.4859698011766903,0.42885879316962017
561,64,10,3828,0.2350948022212884,0.4873866609629726,0.428673673337008
562,66,10,3828,0.22985103844992485,0.489840979576805,0.4286720497804269
563,68,10,3828,0.2274562284022628,0.4889570996857622,0.4281524409917093
564,70,10,3828,0.2240818788325516,0.4854504856026354,0.4284100449993725
565,72,10,3828,0.21962504341156505,0.4838261822998241,0.4273063376323824
566,74,10,3828,0.2161200271983956,0.4857935584693064,0.4278785973382194
567,76,10,3828,0.21493473770308613,0.4906259693550795,0.4261972552106884
568,78,10,3828,0.20943798228910024,0.4875111822712578,0.4266777917616672
569,80,10,3828,0.206298131214404,0.490911045845859,0.4268535364817839
570,82,10,3828,0.20476340365966506,0.4922427526835619,0.42675828064872795
571,84,10,3828,0.20358657269046784,0.4938127726079604,0.42572271323677696
572,86,10,3828,0.19591327505196027,0.4932298924774425,0.4267897590551267
573,88,10,3828,0.1939600315511936,0.4943195144661192,0.4254009996201775
574,90,10,3828,0.19099773804725748,0.4935949798431333,0.4258129679441242
575,92,10,3828,0.18775074904570294,0.4916988918876951,0.4260806766182477
576,94,10,3828,0.18625054418979345,0.4968766078416854,0.4253978709710526
577,96,10,3828,0.18496990764366306,0.4992610918174114,0.42722590875481453
578,98,10,3828,0.17927683464252508,0.4958367189206019,0.4273472670296531
579,100,10,3828,0.17914682110812413,0.4978227757540322,0.426580628710492
580,102,10,3828,0.17579778772804294,0.4959745205141904,0.4273788598227961
581,104,10,3828,0.17309366956337446,0.5014206592635523,0.4278710028986362
582,106,10,3828,0.16884634563027628,0.4981199971610554,0.4269135251693331
583,108,10,3828,0.16483112581839876,0.4987387426951585,0.42782778783034575
584,110,10,3828,0.16638692309918232,0.5076558656400779,0.426665265858546
585,112,10,3828,0.16426737889697599,0.5090304576525362,0.4278940969896271
586,114,10,3828,0.16234214065950478,0.504458075627051,0.4276935692689128
587,116,10,3828,0.15862489436598942,0.5070504585404919,0.42831470395732096
588,118,10,3828,0.15765401607910615,0.5094220892145652,0.42848630372435503
589,120,10,3828,0.15721666887907915,0.5162709718561718,0.4273555336447328
590,122,10,3828,0.1527105852393903,0.507541253517541,0.4291338019331236
591,124,10,3828,0.1510511037815972,0.5148368198767312,0.427278270133733
592,126,10,3828,0.15046201829902675,0.5159501965075488,0.4292533239087656
593,128,10,3828,0.14711552410066808,0.5185018235506801,0.4289254523240855
594,130,10,3828,0.14494928983406913,0.5090383325597694,0.42787159551997
595,132,10,3828,0.14029402343332312,0.5114803320784015,0.42894472055835015
596,134,10,3828,0.14089554886051184,0.5136799626588693,0.4282704511677717
597,136,10,3828,0.13858921786376965,0.5163149332699177,0.4293893014618387
598,138,10,3828,0.13664871701949444,0.5199836225887621,0.4294789457582464
599,140,10,3828,0.13565697582666345,0.5175901688807568,0.42981962336964974
600,22,11,3829,0.3095822443049702,0.4571121039550666,0.4387716394730551
601,24,11,3829,0.30271237099480786,0.4574302459916401,0.43732092848806026
602,26,11,3829,0.29774014476562305,0.4580935347961432,0.4364583345694675
603,28,11,3829,0.2949469636300832,0.4622262869169974,0.4360374296586089
604,30,11,3829,0.28721893912296426,0.4585994886976455,0.4349594419443091
605,32,11,3829,0.2815480066179245,0.4605414073051488,0.4343098425068965
606,34,11,3829,0.2783411655566227,0.4616610457062449,0.43338378646582704
607,36,11,3829,0.27235932536174,0.4609846181385647,0.43310561675094666
608,38,11,3829,0.2674373082059006,0.4607400606571562,0.4317094834718173
609,40,11,3829,0.2645127882754653,0.4610970425735371,0.4321018717302808
610,42,11,3829,0.2602980302734711,0.4616174217581744,0.43134904205678415
611,44,11,3829,0.25725906789470765,0.4610487995518166,0.4302463627132339
612,46,11,3829,0.2527397921531723,0.4627191177222368,0.4298146282599928
613,48,11,3829,0.2473399513739057,0.4631604304314486,0.42950062213071993
614,50,11,3829,0.2459429565790484,0.4653633248535304,0.429221948559588
615,52,11,3829,0.2399686498284303,0.4668679617253968,0.4290503267991486
616,54,11,3829,0.23803750613189095,0.4661013771821998,0.4288646365314267
617,56,11,3829,0.2321815297160893,0.4644883404251819,0.42902562269513855
618,58,11,3829,0.2303230463645143,0.4695003748778994,0.4287345936609999
619,60,11,3829,0.2244856898254045,0.4691345920148296,0.4276618669707849
620,62,11,3829,0.22221546235192416,0.4687771468505829,0.4279560298449792
621,64,11,3829,0.2187273998361631,0.4695993384666358,0.4276114501019383
622,66,11,3829,0.2158465984916512,0.4699131067233645,0.4275247307858388
623,68,11,3829,0.21235431670427365,0.4716273254367554,0.4270994336392942
624,70,11,3829,0.2084431579483562,0.4711291999786512,0.4272745955149843
625,72,11,3829,0.20531097713755375,0.4739737726630652,0.42644781343855015
626,74,11,3829,0.2009051879234729,0.4743704732712294,0.42681489461207794
627,76,11,3829,0.1969787530498337,0.4746667641600902,0.4253402223232556
628,78,11,3829,0.1960329149722103,0.4781652577719932,0.4261400248921991
629,80,11,3829,0.19193431554706308,0.4760647593954079,0.4259291240197949
630,82,11,3829,0.19065713828903355,0.4768594517491275,0.4257281404691476
631,84,11,3829,0.18739036585203975,0.4791217593707518,0.4250446416656004
632,86,11,3829,0.1830839770932052,0.4797172249602552,0.4257428439602094
633,88,11,3829,0.18239220877860035,0.4824948629210733,0.4248901710174823
634,90,11,3829,0.1800203949740826,0.4805729441149404,0.4250782350107635
635,92,11,3829,0.17644938379059802,0.4795728648885798,0.42518594093864737
636,94,11,3829,0.17106460022894418,0.4801394605540391,0.42426927575811374
637,96,11,3829,0.17027275974526293,0.4876043832335264,0.4267544398012996
638,98,11,3829,0.1659942615911001,0.4861230277995855,0.4264774386826593
639,100,11,3829,0.16425066246607206,0.4808846001128851,0.4253063707852017
640,102,11,3829,0.16281281815180668,0.4826846292646382,0.4259729661408988
641,104,11,3829,0.1588353007413613,0.4879021421206826,0.4268198117227976
642,106,11,3829,0.1578800137447564,0.4861449693274885,0.4259886427768312
643,108,11,3829,0.15657083634176835,0.4878571656712939,0.4268811685545625
644,110,11,3829,0.1537198459147059,0.4893967684618295,0.42573813089140655
645,112,11,3829,0.15044548607806393,0.489183233363152,0.4266516949291903
646,114,11,3829,0.14747802059917572,0.4875932113227487,0.4265064453255075
647,116,11,3829,0.14524789330384916,0.488143052165949,0.4268634726683406
648,118,11,3829,0.1450102943904089,0.4925523874389087,0.4274336598114972
649,120,11,3829,0.14122513568053602,0.4920183146591294,0.42595342794214097
650,122,11,3829,0.13870341879288595,0.4921513465219814,0.4275438452284599
651,124,11,3829,0.1374179984785463,0.4965723307841454,0.4262773409298873
652,126,11,3829,0.13523599628580366,0.5016655088144322,0.4283482493740969
653,128,11,3829,0.13438276687158698,0.502159158082445,0.4279178323068287
654,130,11,3829,0.1301748644918373,0.5063737361138735,0.42717956228751697
655,132,11,3829,0.13051428886863478,0.5048780539467004,0.4278610576242437
656,134,11,3829,0.12862225299641727,0.4995385289248754,0.4268585690918417
657,136,11,3829,0.1267220492773373,0.5041814886807926,0.4279994557556768
658,138,11,3829,0.1245860373997342,0.5052953196732759,0.4284238719794656
659,140,11,3829,0.12172444770281565,0.5055465100061435,0.4286809367012959
660,22,12,3830,0.3276820854650332,0.4704310183089964,0.4386758085283246
661,24,12,3830,0.3201671809361235,0.4705103826265328,0.4372816471280195
662,26,12,3830,0.31749513293910503,0.4719389118642936,0.4365368961630481
663,28,12,3830,0.31160505305359515,0.4716646737748164,0.4360200050782703
664,30,12,3830,0.30562585169430234,0.4714113198694284,0.4348862099728015
665,32,12,3830,0.3004776965291126,0.4718641463902527,0.4341946336740845
666,34,12,3830,0.2961209381096877,0.4736356314483973,0.4334037465470379
667,36,12,3830,0.29224451542938107,0.4729954215832067,0.432988626532315
668,38,12,3830,0.2859544119596741,0.4715042500969092,0.4315807434410568
669,40,12,3830,0.2819492258955071,0.4727509415772362,0.4319315401955533
670,42,12,3830,0.27917639435358993,0.4727868142445452,0.4310962707104284
671,44,12,3830,0.27494057097134805,0.475445740946493,0.4302118885403608
672,46,12,3830,0.2716902307832583,0.4745585569916964,0.4298297916194324
673,48,12,3830,0.26878011414536546,0.4757294918013523,0.4294767089116567
674,50,12,3830,0.262666987993921,0.4744667029285427,0.4290148839251105
675,52,12,3830,0.2609860240960096,0.4756551488443462,0.4288586109884667
676,54,12,3830,0.25673523444136315,0.4748656604681146,0.4286330709782316
677,56,12,3830,0.2496747170455221,0.473186910140861,0.4284953374993945
678,58,12,3830,0.2501452861182877,0.4773408301017513,0.4284461035229198
679,60,12,3830,0.24406322799104604,0.4761408439418522,0.4272846554713957
680,62,12,3830,0.2427798618558409,0.4812642824680459,0.4277283500978391
681,64,12,3830,0.2382572330390073,0.4786514321195903,0.4272423172197116
682,66,12,3830,0.2357866475805448,0.4783625337832285,0.4270055928147708
683,68,12,3830,0.2346009917424327,0.4845720288820588,0.42691342814287786
684,70,12,3830,0.22762390900031265,0.4793748823355967,0.4267063137074961
685,72,12,3830,0.2255026822040059,0.4823449871062844,0.4261927322708231
686,74,12,3830,0.22138538859402104,0.4813376307293262,0.42628414476317705
687,76,12,3830,0.21872358858303767,0.4840331416135486,0.4249479106484565
688,78,12,3830,0.2158692375361074,0.4869705293426953,0.42598778676820187
689,80,12,3830,0.215135018326887,0.4924502634081613,0.4259189978275658
690,82,12,3830,0.21044138262478748,0.4881642525656384,0.4255430574503389
691,84,12,3830,0.2070644788457187,0.486806910547117,0.4248277159753707
692,86,12,3830,0.2036042700843398,0.4870312295691781,0.425278653633048
693,88,12,3830,0.20159231480271475,0.4900774920096687,0.42456950322838427
694,90,12,3830,0.20051387926469047,0.4906557090830942,0.4247118239545074
695,92,12,3830,0.197348449253768,0.4930164821122739,0.4249251381977329
696,94,12,3830,0.19389700697828144,0.4924909228479264,0.4238992272342598
697,96,12,3830,0.18702109958389815,0.4921011018396703,0.4261167752455922
698,98,12,3830,0.18944359306614567,0.5013616020996888,0.4263750232108185
699,100,12,3830,0.1880173946418123,0.49973582741347106,0.42513059729744745
700,102,12,3830,0.1828863751393108,0.4939799961828791,0.4257431467257635
701,104,12,3830,0.17945436231449693,0.4949069161527978,0.4262031989573617
702,106,12,3830,0.17730937049116846,0.4973236557602973,0.42541554481701416
703,108,12,3830,0.17843972876042652,0.4972645750827942,0.4261197401766197
704,110,12,3830,0.1753950446730601,0.5005513996585277,0.4251733007012829
705,112,12,3830,0.16848984509185674,0.4925178525762627,0.4255858759327314
706,114,12,3830,0.1684229797205466,0.4994961681076384,0.4258904014562109
707,116,12,3830,0.16966724641225298,0.5049125029248013,0.4265324065777452
708,118,12,3830,0.1651695517123822,0.4976878096722333,0.4262862416484532
709,120,12,3830,0.16142940452080942,0.5024608971748282,0.4254782836805798
710,122,12,3830,0.1632229094920212,0.5067418619406923,0.4270251784532453
711,124,12,3830,0.1559321321816681,0.5037794975601065,0.4254981908907916
712,126,12,3830,0.15440333889319516,0.5052875112986949,0.4276022579384263
713,128,12,3830,0.15148536203092486,0.5048795772913326,0.4269280900552083
714,130,12,3830,0.15239532165658434,0.508367725913954,0.4262582251956931
715,132,12,3830,0.14762238674390035,0.5039263086685384,0.4268038124488856
716,134,12,3830,0.14761566397258424,0.5072638361417849,0.4260175211608907
717,136,12,3830,0.1450867641257523,0.5067770178738897,0.4269693865130125
718,138,12,3830,0.14493056786458494,0.5113147520421734,0.4273500154141776
719,140,12,3830,0.14318314606100496,0.5107618995894949,0.4273902469399618
720,22,13,3831,0.3200187754694276,0.4638936316245485,0.4381391282446155
721,24,13,3831,0.31413193380705257,0.4637899014621788,0.4368262871343165
722,26,13,3831,0.30863655426468306,0.4633076828287118,0.43592000104687306
723,28,13,3831,0.3047682725326996,0.4644380248258612,0.43548038097542746
724,30,13,3831,0.2978997371265678,0.461174414157107,0.4341366980095102
725,32,13,3831,0.29353439965031114,0.4640286234710752,0.4335250225736363
726,34,13,3831,0.2903798101969116,0.4639921135328344,0.4327799507865507
727,36,13,3831,0.2830833696582565,0.4622259247667845,0.43219651483411664
728,38,13,3831,0.2807830241348954,0.4632014690993081,0.43082534745649387
729,40,13,3831,0.2760718001027793,0.4647209344111491,0.4311959537335863
730,42,13,3831,0.27322645829008946,0.4668636312764665,0.4304488501436579
731,44,13,3831,0.2668140373565684,0.4676487704147755,0.4296699281351032
732,46,13,3831,0.2623648551465861,0.4646118547073096,0.4290482785084542
733,48,13,3831,0.2580722229563822,0.4643443850797794,0.4287576001579422
734,50,13,3831,0.25493126446255165,0.4665231034480065,0.4283412579160728
735,52,13,3831,0.2509939242108752,0.4656252965829325,0.4280988365611324
736,54,13,3831,0.24623544404681166,0.4666710396851778,0.4278823936782469
737,56,13,3831,0.2442499992361839,0.4674711947678986,0.4275856363500565
738,58,13,3831,0.23938300030897405,0.4666476245500726,0.4274823340089832
739,60,13,3831,0.2357532068148617,0.4648122133472408,0.4262348266968554
740,62,13,3831,0.23236909054638105,0.4681395901668556,0.4267631928492093
741,64,13,3831,0.2292255013398269,0.4679859912363156,0.42624270406668
742,66,13,3831,0.2253785840366719,0.4696815336994146,0.4260259300380491
743,68,13,3831,0.22226408635903916,0.4703183378445076,0.42610666020361626
744,70,13,3831,0.21673686655745747,0.4701298083737857,0.4256526537670727
745,72,13,3831,0.21447140182138305,0.4710739398425845,0.4252497224672063
746,74,13,3831,0.211256993496286,0.4735226980109656,0.4254189434167781
747,76,13,3831,0.21171877910529766,0.4727176709231949,0.4242367672686011
748,78,13,3831,0.20478303789288324,0.4752516721858414,0.4250796227476388
749,80,13,3831,0.20254844767124,0.4743559154283631,0.4251530781290856
750,82,13,3831,0.1998202109143376,0.4747649393367976,0.4246519269796326
751,84,13,3831,0.1983195418762756,0.4770384176928478,0.4239275092448813
752,86,13,3831,0.19434230799638225,0.4780510261885479,0.4245387047390191
753,88,13,3831,0.19230174774005016,0.4811085433515728,0.4238192086282301
754,90,13,3831,0.18782275011743554,0.4814230444259591,0.42401034072501703
755,92,13,3831,0.18580316974684052,0.4831214331111178,0.4242291996525829
756,94,13,3831,0.18415897271643314,0.4838871561040534,0.4231778858389125
757,96,13,3831,0.1803419917185993,0.4834358411545845,0.4252388603304553
758,98,13,3831,0.17646986766904404,0.4838900780337365,0.4253622290625533
759,100,13,3831,0.1773383607821935,0.4837049100040381,0.4242432316288577
760,102,13,3831,0.17147130732349114,0.48721716917007396,0.42461775428179305
761,104,13,3831,0.16943366935154094,0.486393893424325,0.4253536029759135
762,106,13,3831,0.1678356804819658,0.4861850449346333,0.42444798288926383
763,108,13,3831,0.164498695108507,0.4846521207941118,0.4250623994346777
764,110,13,3831,0.1618959026337762,0.4908324885170219,0.4243465316827414
765,112,13,3831,0.16014328625926968,0.4894510650215295,0.4244654506821936
766,114,13,3831,0.15767162891214356,0.4931570502602629,0.4250546383407308
767,116,13,3831,0.1558742899372796,0.4873171433903934,0.4251971947394833
768,118,13,3831,0.15342237759670516,0.4926224465646211,0.4253007382780984
769,120,13,3831,0.15323877058748464,0.4955078717921881,0.4244393118760159
770,122,13,3831,0.1495240116547314,0.4950218161090615,0.4260015348850314
771,124,13,3831,0.14682835998972518,0.4922131418971756,0.4244787886348439
772,126,13,3831,0.14654854858384034,0.4936234099288739,0.42639082658995175
773,128,13,3831,0.14262785157398605,0.4953415638743442,0.4258702804039621
774,130,13,3831,0.1407077365252045,0.4926110737528817,0.4250358338243652
775,132,13,3831,0.13948639151571304,0.4977563633397873,0.4257661024356758
776,134,13,3831,0.1402288083735971,0.4981303905264752,0.4251814707134885
777,136,13,3831,0.13568489782310045,0.504261205654852,0.4260572252723451
778,138,13,3831,0.13390823432658647,0.4971854004037754,0.42575501287161305
779,140,13,3831,0.13132434023620962,0.5034820250505733,0.42615840247864817
780,22,14,3832,0.3137116146854754,0.4655861140660833,0.4377921614105374
781,24,14,3832,0.3079341732783302,0.4655529038468907,0.4365165580350645
782,26,14,3832,0.30172326417261186,0.4650821464000573,0.4355976313192466
783,28,14,3832,0.2980546659610365,0.4666769502382864,0.4353236434418138
784,30,14,3832,0.2918996850024857,0.4667487206315553,0.4339234683237404
785,32,14,3832,0.289208919889241,0.4660936077454038,0.4332915672429485
786,34,14,3832,0.2839738429695064,0.4701102080715358,0.43279790303790333
787,36,14,3832,0.27872958470077336,0.4655536569875443,0.4318233737455143
788,38,14,3832,0.27260096025492553,0.4669487364541603,0.4305373867799928
789,40,14,3832,0.26931021972572483,0.4674233481771822,0.4308641665628006
790,42,14,3832,0.2647094060165825,0.468880332328755,0.4301776371616621
791,44,14,3832,0.25973881815280525,0.4679762335595498,0.4293261865995712
792,46,14,3832,0.2573709975563937,0.4677107966235313,0.4287274605348044
793,48,14,3832,0.2527955940949387,0.4708271606808028,0.428396511536401
794,50,14,3832,0.2498130078465663,0.4731539232866582,0.4282346540602002
795,52,14,3832,0.2449037568702348,0.4692534308419406,0.4278197565688054
796,54,14,3832,0.240755589824746,0.4742440591716167,0.4277261436485122
797,56,14,3832,0.23673612690686602,0.4748711539811556,0.4274081722492775
798,58,14,3832,0.2327581891823325,0.4745067468918583,0.4272152440233928
799,60,14,3832,0.2315120287320108,0.4801399003345596,0.4262259782240333
800,62,14,3832,0.22571697458426626,0.47437203488620294,0.4263554275961979
801,64,14,3832,0.2232647740880456,0.4767814593242447,0.4260254917851517
802,66,14,3832,0.2200465674949404,0.4782776456855156,0.4257831674108597
803,68,14,3832,0.21638383344554665,0.4782281593218246,0.4257172588025639
804,70,14,3832,0.212764387901156,0.4767614598083593,0.42525747955090826
805,72,14,3832,0.21038615665438365,0.4803265115905378,0.4248870104922428
806,74,14,3832,0.2061255005529854,0.4811680660274346,0.4250938545785707
807,76,14,3832,0.20497105810825908,0.4778757571825098,0.42387647875546997
808,78,14,3832,0.19839712519052285,0.4822825105409755,0.4247980227651989
809,80,14,3832,0.19797803889429474,0.4859061418396705,0.4251687608664293
810,82,14,3832,0.19689420308924144,0.485179306530139,0.4244990439345523
811,84,14,3832,0.1893372074093398,0.4868482259660728,0.4238551231908848
812,86,14,3832,0.1894183429842813,0.4905842577011604,0.42450353149989817
813,88,14,3832,0.1869059680579831,0.4879481599682745,0.4235685223749093
814,90,14,3832,0.1831870522609146,0.4908832942981838,0.4238297489615152
815,92,14,3832,0.18063525442307998,0.4892433558410912,0.42394958605033
816,94,14,3832,0.17874352588632814,0.4946388928018641,0.4231156319048596
817,96,14,3832,0.1741106033528557,0.4901856968285207,0.4248900815764323
818,98,14,3832,0.17381816369446154,0.4989018740854855,0.4253594973616546
819,100,14,3832,0.16985562625131684,0.4976268807197806,0.42422275141741106
820,102,14,3832,0.16875590517655228,0.4962507817080016,0.4244627560625606
821,104,14,3832,0.16479619980570634,0.4999362038143205,0.42516233033277706
822,106,14,3832,0.16183214401389234,0.5010695604468607,0.4241435625899739
823,108,14,3832,0.16112285966957035,0.5007571954571993,0.4249617558367057
824,110,14,3832,0.16043448905914065,0.5013184156605249,0.4242709786371712
825,112,14,3832,0.15550973049460806,0.5016026927697809,0.4244555321774004
826,114,14,3832,0.15422821115156174,0.5006443133039862,0.4248203136023943
827,116,14,3832,0.15091794191759636,0.5048853711902451,0.4246895860223722
828,118,14,3832,0.14939887976865734,0.5033455679624275,0.4248739420039414
829,120,14,3832,0.14836683495334105,0.5100056716366553,0.4244161119990599
830,122,14,3832,0.14818305162396675,0.5122068322586205,0.4259471574918327
831,124,14,3832,0.14408437963295345,0.5075218028246345,0.4241462158654557
832,126,14,3832,0.1418070275621704,0.5062244560101427,0.4260254824447435
833,128,14,3832,0.13979719396682228,0.5154637695106787,0.4259046766751669
834,130,14,3832,0.13791364382200866,0.5102986764804872,0.4248907342091163
835,132,14,3832,0.13558795725656772,0.5156039829880144,0.4256750912479743
836,134,14,3832,0.13458800866976514,0.5163268913048461,0.4252522119778177
837,136,14,3832,0.13244697843314873,0.5233857259590527,0.426368671005418
838,138,14,3832,0.13106089183021113,0.5237033562102662,0.4258857785813026
839,140,14,3832,0.1288616688543406,0.5283919240665752,0.4266364039166171
840,22,15,3833,0.3099844704242176,0.4662918875378253,0.4375653500334275
841,24,15,3833,0.3030618115672969,0.4658239143524192,0.43628107192547605
842,26,15,3833,0.2988606260989674,0.4669296856883634,0.4354209993026609
843,28,15,3833,0.29228962357480265,0.4633378806965744,0.4348567096336587
844,30,15,3833,0.28671859545649936,0.4655624671542167,0.4336592377112847
845,32,15,3833,0.2836289679203128,0.4657782735685314,0.43310352103777294
846,34,15,3833,0.2779287999923101,0.4651561974578526,0.4324649835798925
847,36,15,3833,0.2738495255302746,0.4668992046081547,0.4316108902921252
848,38,15,3833,0.2685095391060143,0.4664968819855028,0.4302758843262096
849,40,15,3833,0.26329285930356555,0.4651434226490066,0.4303774474332058
850,42,15,3833,0.2593370248063342,0.4662053143766957,0.4298152828994953
851,44,15,3833,0.25357348832443466,0.4666323528357553,0.428780617628367
852,46,15,3833,0.2505677499458871,0.4661677377461738,0.4282501572663302
853,48,15,3833,0.24610900067292754,0.4662435652721553,0.42784231234484776
854,50,15,3833,0.2426552569455216,0.4671888674804969,0.4277218503403296
855,52,15,3833,0.2376271093642395,0.4673075798752942,0.4272653142104243
856,54,15,3833,0.2350896294002724,0.4701021652690629,0.4273136980286849
857,56,15,3833,0.2310132456841129,0.4719884919360299,0.4270772235833751
858,58,15,3833,0.2261067212395628,0.4697677676834871,0.4266518234278064
859,60,15,3833,0.2221769081753014,0.4701811329892562,0.42558276955144864
860,62,15,3833,0.22139454336487724,0.4730694411197369,0.4256856298801153
861,64,15,3833,0.2160585440672854,0.475452617573929,0.4257422613185719
862,66,15,3833,0.21131895786542776,0.4750616398882251,0.4254315722520337
863,68,15,3833,0.20732844105588055,0.4750063758055385,0.4250896413499742
864,70,15,3833,0.2062415869918396,0.4728355334317954,0.4247449924336715
865,72,15,3833,0.20218584134315729,0.4800362455951866,0.4246542233394897
866,74,15,3833,0.1997168173416925,0.4785679650310039,0.4244476161321864
867,76,15,3833,0.1965160594737084,0.4765479102783262,0.42329094018261054
868,78,15,3833,0.1922488633284272,0.47935641875508206,0.4243513766484602
869,80,15,3833,0.19131956099764827,0.4802479854379267,0.4245801647541847
870,82,15,3833,0.1864806420916452,0.4827678979739783,0.42405202551553306
871,84,15,3833,0.18469462920278654,0.4834612378105521,0.42335855979495896
872,86,15,3833,0.1789146995535229,0.4801193372775829,0.4238202661032651
873,88,15,3833,0.17641028697065522,0.4855673148811963,0.423178377226625
874,90,15,3833,0.17450980738511268,0.4829769917419013,0.42320159810351776
875,92,15,3833,0.17313230799709847,0.4887888954902056,0.4233778458655754
876,94,15,3833,0.1708290524851781,0.4892031891172539,0.4226457029480243
877,96,15,3833,0.17101816142039372,0.49083020750162804,0.4243506108096442
878,98,15,3833,0.16301313908252335,0.4908384156793533,0.4247026100703555
879,100,15,3833,0.16388928695552382,0.4910506680647499,0.4235902285764061
880,102,15,3833,0.1611272284044797,0.4947228022484612,0.42410268917223815
881,104,15,3833,0.15814449423868499,0.4962005682309539,0.4245493819542871
882,106,15,3833,0.15734404904905064,0.4965020063634679,0.4235423088737879
883,108,15,3833,0.15298275126623526,0.496366817878964,0.4244439936898649
884,110,15,3833,0.15004649809733356,0.4954123719923193,0.4237382590505663
885,112,15,3833,0.1478424072559826,0.4954590458689953,0.4235526087422389
886,114,15,3833,0.1476918027299173,0.4988819216461518,0.42411360962094796
887,116,15,3833,0.1454650631302549,0.5020189843769398,0.4242836156319808
888,118,15,3833,0.14283268361957244,0.503688505917024,0.4244790872967421
889,120,15,3833,0.1407215961702578,0.5041136451932403,0.4240273213897905
890,122,15,3833,0.1356681464920583,0.5035293945382004,0.4252976000905861
891,124,15,3833,0.13635620132771065,0.4995587954220523,0.42351778356077785
892,126,15,3833,0.13441188748175967,0.5022526299487196,0.4252448931039417
893,128,15,3833,0.1324844914542823,0.5084699878709741,0.4251926461371113
894,130,15,3833,0.13127673757782055,0.5110179288037328,0.4243625999151671
895,132,15,3833,0.1317997693814395,0.5081523719840509,0.42494711865055707
896,134,15,3833,0.12710549149384273,0.5079442191616498,0.4246029636282352
897,136,15,3833,0.12537543065152476,0.5167705400951113,0.426018938295638
898,138,15,3833,0.12220524140726058,0.5171606608046498,0.42548764972058
899,140,15,3833,0.12300931115225153,0.5196466216094588,0.4262405944965592
900,22,16,3834,0.33802066977299056,0.4757864367276618,0.43780166593737857
901,24,16,3834,0.3296650617954466,0.4750441576880421,0.4364557550181285
902,26,16,3834,0.3257008543983148,0.4747470639002545,0.4355871842447427
903,28,16,3834,0.31948501583695826,0.4724592477231462,0.4348323675495359
904,30,16,3834,0.314184767976501,0.4733018980519943,0.4336687697585432
905,32,16,3834,0.3112670869762578,0.4748885797017207,0.4331838001826561
906,34,16,3834,0.3054334243415771,0.4718750528840932,0.4324112870461395
907,36,16,3834,0.3020063147972444,0.4705820883046786,0.43142477402138096
908,38,16,3834,0.2952524038386308,0.471373100988589,0.4300622696016431
909,40,16,3834,0.2929994985198573,0.4698572642560581,0.4301375518341484
910,42,16,3834,0.2887858126792218,0.4745439696661988,0.4298193118494612
911,44,16,3834,0.2844475520368599,0.4731231173191701,0.4288325546883869
912,46,16,3834,0.28150940885951176,0.4728640666093936,0.4281020431857119
913,48,16,3834,0.27540834990534696,0.4731405464176216,0.4275958131030198
914,50,16,3834,0.2729053440233139,0.4740160333710261,0.4275653117221512
915,52,16,3834,0.2680522361876469,0.4736947295133599,0.4270977027593558
916,54,16,3834,0.26252967272665106,0.4749331121469866,0.4271069920881367
917,56,16,3834,0.25985709509755783,0.4758777642215655,0.4269122413052943
918,58,16,3834,0.25573461248744866,0.4736168229643566,0.4263226691062145
919,60,16,3834,0.2512345393518109,0.4759965201552066,0.4254037671465487
920,62,16,3834,0.2482638505670257,0.4773531700526288,0.4255019633603387
921,64,16,3834,0.2452782788185725,0.4768994241647729,0.4254733777594907
922,66,16,3834,0.2424129795525567,0.4801719081260864,0.4251376425812002
923,68,16,3834,0.23757665269234915,0.4791320011014028,0.4246946909586508
924,70,16,3834,0.2352034650975361,0.4820354593913596,0.4247110749261341
925,72,16,3834,0.23249647284637304,0.4798478419356691,0.4243287831800821
926,74,16,3834,0.2302671204019457,0.4836046729954187,0.4243919604280532
927,76,16,3834,0.22603636286010576,0.4816837263311607,0.4230807806621396
928,78,16,3834,0.22493174767415652,0.4852500788200026,0.4240331630487509
929,80,16,3834,0.2215546167795841,0.4827146080549943,0.4241873404018269
930,82,16,3834,0.21603436562114212,0.482807306233414,0.4237400736058397
931,84,16,3834,0.21327317306680696,0.4851819396028288,0.4230828955158001
932,86,16,3834,0.21143895237164045,0.4861932344090752,0.4235628066667896
933,88,16,3834,0.20978498376968385,0.488927071899544,0.4231119573748568
934,90,16,3834,0.20705590097749835,0.4902381352740276,0.4231486416247628
935,92,16,3834,0.20344455419639684,0.4932815055753516,0.4234469678088057
936,94,16,3834,0.1993286264763943,0.4899725879568322,0.4224850314770007
937,96,16,3834,0.19700518582489585,0.4897336289620575,0.4239862814986184
938,98,16,3834,0.1966547918398812,0.4930881103688035,0.4244996811912666
939,100,16,3834,0.19193925723762192,0.4927303665271044,0.4233482484425526
940,102,16,3834,0.19087649156541628,0.4934017383940802,0.4237285282058643
941,104,16,3834,0.18831204697740708,0.4942426586319502,0.424123323164448
942,106,16,3834,0.186116744019809,0.4943222286504458,0.42329245497442064
943,108,16,3834,0.18335474839806093,0.4950315054425312,0.4241911741589773
944,110,16,3834,0.1797527808600237,0.4935508165149867,0.4233454118543124
945,112,16,3834,0.17746316002581236,0.4951066097554278,0.4232677472382335
946,114,16,3834,0.17572635201468464,0.4940191907054392,0.423688072034276
947,116,16,3834,0.1740781081355755,0.4977166790514903,0.4238935444124985
948,118,16,3834,0.1720349063724739,0.4992884705567208,0.4242008488231813
949,120,16,3834,0.17055882842136524,0.5001497787305101,0.4236066897345945
950,122,16,3834,0.16561306456727853,0.5004805021240967,0.4248947393619728
951,124,16,3834,0.16672470360259625,0.5019909223804778,0.4231969805414413
952,126,16,3834,0.16513841404085491,0.5023140090044127,0.4249664059578013
953,128,16,3834,0.16260520611967666,0.5027658770014414,0.424868670759728
954,130,16,3834,0.1623283046417067,0.5045421574629279,0.4240282905424806
955,132,16,3834,0.15771051424473842,0.5036278272393658,0.4244746925015275
956,134,16,3834,0.15654337452965222,0.5078096152766969,0.4241133414822146
957,136,16,3834,0.15543786616658525,0.505624175624289,0.42549202553277854
958,138,16,3834,0.15075479655062593,0.5088368663593457,0.4250708121725514
959,140,16,3834,0.15297079072353836,0.5068841496534,0.4258678681985741
960,22,17,3835,0.3095534971694168,0.4628866053402362,0.43749762012432375
961,24,17,3835,0.3053810391744292,0.4633257261852851,0.4362152726864279
962,26,17,3835,0.2991004853142017,0.4613710421989714,0.4352657119617239
963,28,17,3835,0.2937194151087945,0.4614147478421624,0.434552876713184
964,30,17,3835,0.2887785981503528,0.4626355269107876,0.4333528078239531
965,32,17,3835,0.28301718894280514,0.4623181239002241,0.4328728507757764
966,34,17,3835,0.2794374539508012,0.4660419896763045,0.43218867525992016
967,36,17,3835,0.27536623019808393,0.4638835690763143,0.4311952045038249
968,38,17,3835,0.2723590524467751,0.4675798424611232,0.42986165292545897
969,40,17,3835,0.2632399551304877,0.46272305612357506,0.4297618036644094
970,42,17,3835,0.26308013376450456,0.466579542164541,0.4295373204207987
971,44,17,3835,0.2578822121021358,0.4643306496808061,0.42855290937397206
972,46,17,3835,0.2538902920049253,0.4640686007938088,0.427797127293408
973,48,17,3835,0.2484755454382126,0.4682474285034301,0.42731475750625975
974,50,17,3835,0.24524210629899074,0.4670506768429805,0.4272637146187037
975,52,17,3835,0.2421104310701941,0.4683579333032438,0.42679864796212985
976,54,17,3835,0.2348697363280728,0.4655922869046723,0.4266431507751715
977,56,17,3835,0.2325574629319343,0.4685289025036108,0.4266358250353618
978,58,17,3835,0.229668807428272,0.4715054192650119,0.4260253122366588
979,60,17,3835,0.22514627067379395,0.4697213382636992,0.4250874902702461
980,62,17,3835,0.22237001709483434,0.468648229581813,0.4250525178877003
981,64,17,3835,0.21914728604744294,0.4719433685777633,0.4250833021106906
982,66,17,3835,0.21609242398123515,0.472826535262916,0.4248552867689647
983,68,17,3835,0.21257762206212488,0.4721836547144425,0.42440084694843255
984,70,17,3835,0.2094553745840916,0.4772341335475735,0.4244441757794132
985,72,17,3835,0.2087506798445025,0.4819309861587157,0.4241755176854483
986,74,17,3835,0.2028222689000985,0.4770071474781501,0.4240172828559341
987,76,17,3835,0.2014067916573752,0.4870620893369563,0.42296654483085705
988,78,17,3835,0.1962982485927136,0.4829860209438489,0.42381734966291057
989,80,17,3835,0.1956475681728184,0.4855599305444713,0.42407754144162296
990,82,17,3835,0.1910564093084226,0.4832115830818894,0.4234614245398151
991,84,17,3835,0.18820504526183826,0.4890603762910263,0.4229491313335465
992,86,17,3835,0.18403279272958925,0.4829911026868037,0.4232569976882223
993,88,17,3835,0.18291371609124474,0.4843716795663993,0.4227859913302925
994,90,17,3835,0.17819796780236766,0.4852596914182042,0.4227653823578759
995,92,17,3835,0.17593640784305833,0.4915769980266853,0.4232059663652313
996,94,17,3835,0.1743554034328563,0.4923266368023712,0.42233260278159096
997,96,17,3835,0.16986730193900587,0.4883315635819784,0.4234907478697457
998,98,17,3835,0.1721338876738287,0.4977483225892243,0.4243355110823575
999,100,17,3835,0.16467967614872947,0.4907732895088486,0.4229300291730528
1000,102,17,3835,0.16167380415196153,0.4931562406190179,0.4233706753440386
1001,104,17,3835,0.16241702415125295,0.4942182353085737,0.4237144720344475
1002,106,17,3835,0.15922116821367605,0.4954706113010756,0.4229730042017053
1003,108,17,3835,0.15709447335748333,0.4977711602126208,0.4238625849058752
1004,110,17,3835,0.1574124839140046,0.5012578716977167,0.4232347707231416
1005,112,17,3835,0.1509234015436258,0.501586053574661,0.4230231783971314
1006,114,17,3835,0.1488450490435676,0.5027775671562333,0.4234728772304161
1007,116,17,3835,0.1454884412167652,0.5018024159200226,0.4235273575692153
1008,118,17,3835,0.14662291975476913,0.5011346227821768,0.4238893883178638
1009,120,17,3835,0.14455761776184586,0.5003304586904584,0.4233427056256484
1010,122,17,3835,0.14177485732077474,0.5076574050555248,0.4246574789004195
1011,124,17,3835,0.13902157218463068,0.5067349825608125,0.4228099137646713
1012,126,17,3835,0.13732821306086135,0.505483759929316,0.4245809925400127
1013,128,17,3835,0.1347422223333197,0.507507656085851,0.4244770883774862
1014,130,17,3835,0.13116565507654224,0.5088998140869629,0.4238109295345033
1015,132,17,3835,0.1315011423685471,0.5068995427543038,0.42399118361407584
1016,134,17,3835,0.12893106120414222,0.5122679580669085,0.4239577342517936
1017,136,17,3835,0.1286507596563364,0.5174507815114373,0.4251774231587632
1018,138,17,3835,0.12695485787506394,0.5138692209270238,0.4244939047082848
1019,140,17,3835,0.12849751283895172,0.5174613843717221,0.42553359574702015
1020,22,18,3836,0.3072349663679049,0.4637985643220935,0.4368195259194345
1021,24,18,3836,0.30130438843433044,0.4663638876650651,0.4356724611019557
1022,26,18,3836,0.2966275971120889,0.465510800116696,0.43469577151608413
1023,28,18,3836,0.29087288687142665,0.4673260676758824,0.4339654595350419
1024,30,18,3836,0.2845513235631885,0.46776599802755,0.4328061065535603
1025,32,18,3836,0.2822244044962749,0.4686454313278953,0.43234447007348864
1026,34,18,3836,0.2730059274161195,0.4651251724364315,0.4315194253877568
1027,36,18,3836,0.2686060091205113,0.4670917388582946,0.43062884375190025
1028,38,18,3836,0.26420772906706114,0.4669603134351042,0.4293552085683925
1029,40,18,3836,0.2616498861147354,0.4720417023061389,0.42936340659684985
1030,42,18,3836,0.25463718561610965,0.4684993225537909,0.4288746167219977
1031,44,18,3836,0.2543152073469739,0.4735465299324816,0.42822258834026333
1032,46,18,3836,0.2466484680368436,0.4711795618120686,0.427186981129095
1033,48,18,3836,0.24366741517129314,0.4753806159906112,0.42698350218386094
1034,50,18,3836,0.23855421508546726,0.472809105577497,0.4267466092450583
1035,52,18,3836,0.2322615484434745,0.4728408815216904,0.4262336157298567
1036,54,18,3836,0.22964408678392875,0.4721199899364441,0.4260850516217679
1037,56,18,3836,0.2261396831127987,0.4729199723720952,0.4260423010884225
1038,58,18,3836,0.224242473696453,0.4767180402260184,0.4254903489889656
1039,60,18,3836,0.22111222142589604,0.475148796931971,0.4245322382408613
1040,62,18,3836,0.21754670403883064,0.4792142227451426,0.4246029514220814
1041,64,18,3836,0.210795085767054,0.4797295060088334,0.4245239465835395
1042,66,18,3836,0.2102995801285488,0.4796645992566578,0.42415996430668346
1043,68,18,3836,0.20699046330927634,0.4781815373600579,0.4236422501176245
1044,70,18,3836,0.20086046818452333,0.4776848434687853,0.4236087270678132
1045,72,18,3836,0.2003232535959984,0.4827240235426989,0.4236298787861798
1046,74,18,3836,0.19613786109937428,0.4860867017711973,0.4234545717544776
1047,76,18,3836,0.19098657065911387,0.4810956019086174,0.4222712259281767
1048,78,18,3836,0.19113652835024933,0.4886381133733225,0.423381155404414
1049,80,18,3836,0.18722374450880166,0.486800262479437,0.4233958981681726
1050,82,18,3836,0.18257299870270646,0.49023208536185203,0.4228270228468109
1051,84,18,3836,0.18205783697729008,0.4876726159002373,0.4222614763030582
1052,86,18,3836,0.17827761246805415,0.4893078011821376,0.4224368601404224
1053,88,18,3836,0.17479572402998847,0.4909380360063949,0.4220185995469457
1054,90,18,3836,0.17270150403050016,0.4907841853754398,0.42200651765068
1055,92,18,3836,0.17214009406330627,0.4942212126184923,0.4225774713888663
1056,94,18,3836,0.16881322020573913,0.4972616230442855,0.4219879473234058
1057,96,18,3836,0.16383892793450122,0.4972920390838075,0.4228965372519173
1058,98,18,3836,0.16013719611426888,0.4956525904948476,0.42379574328087016
1059,100,18,3836,0.16081438948934934,0.5000774868332688,0.4222618620068056
1060,102,18,3836,0.15671495722084186,0.4949107160777652,0.4226651002487918
1061,104,18,3836,0.15571671996499786,0.5010911822990787,0.4231155780821352
1062,106,18,3836,0.1506447381119016,0.4987056783425618,0.4221957411345614
1063,108,18,3836,0.149551945384864,0.4946070780784693,0.42296604106117536
1064,110,18,3836,0.15023002228571547,0.5016456859811128,0.4222686295955033
1065,112,18,3836,0.14730593775804182,0.5016039622292299,0.42218444460568055
1066,114,18,3836,0.14475955523558298,0.5021168576862529,0.4226200234145906
1067,116,18,3836,0.1438654658316196,0.5055686314345285,0.4227165682660615
1068,118,18,3836,0.1407698812991432,0.5069924854782429,0.4233923381025856
1069,120,18,3836,0.13977155506043173,0.5105383775455331,0.4226827739660361
1070,122,18,3836,0.1384482512261272,0.5134209442512739,0.4242035659816
1071,124,18,3836,0.13378657363321395,0.5150939467274779,0.4223941756100083
1072,126,18,3836,0.1327211849522611,0.5186360303075959,0.4241835312547635
1073,128,18,3836,0.12994043615163015,0.5112696364897008,0.42365226109743614
1074,130,18,3836,0.1301242178876394,0.5148259244854321,0.4230995059043569
1075,132,18,3836,0.12706256340371655,0.5140024643412416,0.4233333089767445
1076,134,18,3836,0.12646968013850682,0.5096585034575856,0.42318794853041297
1077,136,18,3836,0.12378382381135852,0.5201509890936679,0.42466068512139815
1078,138,18,3836,0.12340935976551938,0.5143972055643493,0.42371951343367
1079,140,18,3836,0.12159349149882867,0.5248142624890874,0.4250287338860733
1080,22,19,3837,0.3238677180502765,0.4728199306962339,0.43697655053530776
1081,24,19,3837,0.3189434334434824,0.4729754658865114,0.435825333513745
1082,26,19,3837,0.3119763069043156,0.4723893168583864,0.4348098140404333
1083,28,19,3837,0.30617773061790976,0.4712378178247969,0.43401447897460893
1084,30,19,3837,0.3012322092676711,0.4688574958543021,0.43279402140279655
1085,32,19,3837,0.29631451126569874,0.4718657285709327,0.4323844464796754
1086,34,19,3837,0.29290231523721993,0.4722170417429462,0.4316067862262152
1087,36,19,3837,0.28980541845460944,0.473551439939377,0.43077243851638986
1088,38,19,3837,0.28242588652009604,0.4747628234747693,0.42948415334806295
1089,40,19,3837,0.2799126295570493,0.4771334542493388,0.4294874666429561
1090,42,19,3837,0.2747877866059493,0.4741801081426332,0.4289755728650152
1091,44,19,3837,0.2695356353370115,0.4721636914658586,0.4282710458984868
1092,46,19,3837,0.2669848954273334,0.4769942977110482,0.4273652518045673
1093,48,19,3837,0.2602355136588648,0.47280720855905195,0.42700185193793216
1094,50,19,3837,0.2563063724372842,0.4760643268897849,0.4268459933798535
1095,52,19,3837,0.25801667422334673,0.4821444834957148,0.4263826412930117
1096,54,19,3837,0.25084036686978195,0.476414698220329,0.4261016398851801
1097,56,19,3837,0.2437920361410945,0.4780353803294316,0.42604728460933977
1098,58,19,3837,0.2431967010260213,0.4795641908944028,0.4256071045204832
1099,60,19,3837,0.24074687080357116,0.4831023249022562,0.42481983326443823
1100,62,19,3837,0.23683503505274245,0.4825465137997983,0.42484848206216014
1101,64,19,3837,0.2326529120986632,0.4823826551905568,0.4246830386932402
1102,66,19,3837,0.2324068038413405,0.4913753052037394,0.42447881480203337
1103,68,19,3837,0.2242646605181174,0.4844547058856255,0.4238581217875008
1104,70,19,3837,0.22641707155814705,0.4908792352421204,0.4238884030658917
1105,72,19,3837,0.21734435906049468,0.4871226387012129,0.4237619644655423
1106,74,19,3837,0.2194306743352304,0.4900965802074956,0.4237095487267503
1107,76,19,3837,0.20709659127594696,0.4842834508772877,0.4223713317357447
1108,78,19,3837,0.2088388750329944,0.4918873438217701,0.4235731223708029
1109,80,19,3837,0.20708249873050785,0.4893758032109304,0.42353481380462144
1110,82,19,3837,0.20207752745871632,0.4937636947723352,0.4231138962233899
1111,84,19,3837,0.2010000013829124,0.4965632567809943,0.4224906531889502
1112,86,19,3837,0.2001381487234153,0.4965559173791274,0.4226961354783113
1113,88,19,3837,0.19623190913934668,0.4978036279254538,0.42227728388858105
1114,90,19,3837,0.18908254938615005,0.4962677939599752,0.42234053987316855
1115,92,19,3837,0.18721199411408426,0.4960554126058178,0.4228043323155445
1116,94,19,3837,0.18333730221692288,0.49325839423732,0.4221118868068682
1117,96,19,3837,0.1826751538092848,0.4992828175774704,0.4230750841446166
1118,98,19,3837,0.1757649523596622,0.4943288338023193,0.42384729386460335
1119,100,19,3837,0.17698316055829305,0.5040156906896358,0.4225547336609908
1120,102,19,3837,0.1748779839465424,0.5033296869351039,0.423001222206935
1121,104,19,3837,0.17695834809015107,0.5097560516571468,0.42351823022564
1122,106,19,3837,0.16807183938563958,0.5016248964612108,0.4223327325421916
1123,108,19,3837,0.1706787973185325,0.5084080184977638,0.4232014684590092
1124,110,19,3837,0.16520795057489998,0.5093108572966205,0.4224856035430432
1125,112,19,3837,0.16742829720212982,0.5138456505147718,0.4225402025329679
1126,114,19,3837,0.16170409846889136,0.5176293195437732,0.4230822213865631
1127,116,19,3837,0.15897177933254675,0.5056765326363813,0.4228690017521876
1128,118,19,3837,0.15487291947634366,0.5057256308977214,0.42339323186175504
1129,120,19,3837,0.15043361076472184,0.5049918744662648,0.4226204560572431
1130,122,19,3837,0.15139188954817362,0.5141000227908177,0.4243529642132854
1131,124,19,3837,0.14968042256702738,0.5185800940168229,0.4226807925066796
1132,126,19,3837,0.14702342016881328,0.5162791655397295,0.4244543678633555
1133,128,19,3837,0.1447554828795955,0.5193907834591431,0.4241365202482311
1134,130,19,3837,0.14478382712010626,0.5208951254054639,0.4235593979873729
1135,132,19,3837,0.14252282678973807,0.5211401448617887,0.42386411548901537
1136,134,19,3837,0.14274948162920167,0.5249467037631024,0.4238024611524943
1137,136,19,3837,0.13838963945733165,0.5243465843525703,0.4249075585923517
1138,138,19,3837,0.13361974809158095,0.5198132211306228,0.4239887822454194
1139,140,19,3837,0.13231437303031895,0.5199615882590282,0.4251877738201543
1140,22,20,3838,0.3082929607364948,0.4655422354393568,0.43676608018063184
1141,24,20,3838,0.3017143738166627,0.4662400137269804,0.43569389270426173
1142,26,20,3838,0.29491806082498084,0.4663322169848792,0.4346095235047695
1143,28,20,3838,0.2910213049104889,0.4660956928426125,0.4337713063214909
1144,30,20,3838,0.2864811554850765,0.4673631246307014,0.43260027564235787
1145,32,20,3838,0.2797602804536615,0.4666537056174092,0.4321226119047764
1146,34,20,3838,0.27503490685747056,0.4672115270084133,0.4313997358438272
1147,36,20,3838,0.26977566459034985,0.4682087703589908,0.4305777622516592
1148,38,20,3838,0.2654064767842768,0.4686881087281618,0.4293620252472856
1149,40,20,3838,0.26083615562783885,0.4675141085099065,0.4292778567167136
1150,42,20,3838,0.2564846252918014,0.4656336833618353,0.4286848511926445
1151,44,20,3838,0.2528982346252608,0.4685550400639696,0.4280816450538731
1152,46,20,3838,0.2477345041517166,0.4686890180964757,0.4271844639551582
1153,48,20,3838,0.24378888438703866,0.4683568052268214,0.4266528805986203
1154,50,20,3838,0.24041711631977455,0.4707146870653772,0.4266630169976252
1155,52,20,3838,0.23671583257314874,0.4719462353028543,0.42616094482251854
1156,54,20,3838,0.23098597271066684,0.4734199723993563,0.4258240886759725
1157,56,20,3838,0.2263860291118768,0.4725641540285065,0.4257206271009421
1158,58,20,3838,0.2234208015779414,0.4735653468753817,0.4253757165376385
1159,60,20,3838,0.21917613848320253,0.4756163066014679,0.4245994261857765
1160,62,20,3838,0.21732186422069788,0.4754320784745662,0.4245774955054829
1161,64,20,3838,0.2137441434233158,0.4792947735518287,0.4245748553682226
1162,66,20,3838,0.21106849683452567,0.4750632880573265,0.4241642433558443
1163,68,20,3838,0.20587832384122834,0.4770316669826008,0.4236115934788641
1164,70,20,3838,0.2020847637603672,0.4750943222512265,0.42351354801935903
1165,72,20,3838,0.19934914523467587,0.4784955265935302,0.4234521465146328
1166,74,20,3838,0.1976568469998355,0.4812778452076114,0.423431630466169
1167,76,20,3838,0.19280819889883746,0.4772109158385185,0.422020190808189
1168,78,20,3838,0.19138918689838905,0.4788086175165972,0.42318465841524977
1169,80,20,3838,0.186834994359077,0.4837333500846907,0.4232481989542131
1170,82,20,3838,0.1846168671737365,0.4825951541228438,0.4227625109144666
1171,84,20,3838,0.18373754105239554,0.4837978413277296,0.4221941465690433
1172,86,20,3838,0.17887046807582488,0.4844279974534148,0.4223210706808925
1173,88,20,3838,0.17517670808028446,0.4846146874999383,0.4218604713640411
1174,90,20,3838,0.1715251670058281,0.4853349785591874,0.4219976776309096
1175,92,20,3838,0.17210878129918675,0.4914920628686788,0.42255593588899465
1176,94,20,3838,0.17001239640483665,0.48971266773009203,0.4219385909974606
1177,96,20,3838,0.16475086350492565,0.4898267642875834,0.4228268678669613
1178,98,20,3838,0.16279933353978024,0.4928292012758758,0.4234504095934632
1179,100,20,3838,0.16074397700311086,0.4940020778176458,0.4221962716217958
1180,102,20,3838,0.15806779251400027,0.4926284149234974,0.4226514006086227
1181,104,20,3838,0.15528038893852145,0.4932596877627649,0.4230815730140877
1182,106,20,3838,0.15372489205363776,0.4965056104451152,0.4219737253499413
1183,108,20,3838,0.15164229148190705,0.4986079782764233,0.4229328602691887
1184,110,20,3838,0.15088492359177216,0.4965296370130122,0.4222017661410664
1185,112,20,3838,0.14701195973724548,0.4975107357129336,0.42211997430363696
1186,114,20,3838,0.1450768049713258,0.4973756344906222,0.42273935678819397
1187,116,20,3838,0.139659997047853,0.4978159316777718,0.4224686370174565
1188,118,20,3838,0.1402100526780682,0.5021771377462044,0.42305871061128003
1189,120,20,3838,0.1403489891027188,0.5019472905911582,0.42239708453253694
1190,122,20,3838,0.13687342366074173,0.5028055096616493,0.42397904970455946
1191,124,20,3838,0.134646867112291,0.5085562076396088,0.42252907953808544
1192,126,20,3838,0.13191767660387801,0.504466506310724,0.4240767326777005
1193,128,20,3838,0.13049166939525475,0.5030224356045543,0.4236596242146196
1194,130,20,3838,0.12967865316472954,0.5046763203436896,0.4232100415328093
1195,132,20,3838,0.12779105475128108,0.5026194348250461,0.4232356797081577
1196,134,20,3838,0.1256095296501276,0.5027143829077887,0.4230985750885212
1197,136,20,3838,0.1252504886363804,0.507787174694336,0.4244772543922564
1198,138,20,3838,0.12144663231465695,0.5084282544193628,0.4236615491947411
1199,140,20,3838,0.12342377406207737,0.5140417736026541,0.4250031928452633
